time,pos_x,pos_y,pos_z,distFromRoadCenter,signedDistFromRoadCenter,wheelAngle,obstacle_pos_x,obstacle_pos_y,obstacle_pos_z,distance_to_obstacle,brake_position,simplecar_4x4_R0C0,simplecar_4x4_R0C1,simplecar_4x4_R0C2,simplecar_4x4_R0C3,simplecar_4x4_R1C0,simplecar_4x4_R1C1,simplecar_4x4_R1C2,simplecar_4x4_R1C3,simplecar_4x4_R2C0,simplecar_4x4_R2C1,simplecar_4x4_R2C2,simplecar_4x4_R2C3,simplecar_4x4_R3C0,simplecar_4x4_R3C1,simplecar_4x4_R3C2,simplecar_4x4_R3C3
281.7067,37.03655,0,-1543.751,1.869922,1.869922,-0.210571,-68.62318,0.25,-1842.867,316.9102,0,0.7778,0,0.6286,37.0366,0,1,0,0,-0.6286,0,0.7778,-1543.751,0,0,0,1
281.7176,37.19368,0,-1543.557,1.862289,1.862289,-0.184937,-68.62318,0.25,-1842.867,317.1459,0,0.7778,0,0.6285,37.1937,0,1,0,0,-0.6285,0,0.7778,-1543.557,0,0,0,1
281.7287,37.35081,0,-1543.362,1.854618,1.854618,-0.140991,-68.62318,0.25,-1842.867,317.3815,0,0.7778,0,0.6285,37.3508,0,1,0,0,-0.6285,0,0.7778,-1543.362,0,0,0,1
281.7403,37.66506,0,-1542.973,1.839389,1.839389,-0.067749,-68.62318,0.25,-1842.867,317.853,0,0.7778,0,0.6285,37.6651,0,1,0,0,-0.6285,0,0.7778,-1542.973,0,0,0,1
281.7544,37.82218,0,-1542.779,1.831736,1.831736,0.03479,-68.62318,0.25,-1842.867,318.0887,0,0.7778,0,0.6285,37.8222,0,1,0,0,-0.6285,0,0.7778,-1542.779,0,0,0,1
281.762,37.97931,0,-1542.584,1.824208,1.824208,0.151978,-68.62318,0.25,-1842.867,318.3244,0,0.7778,0,0.6285,37.9793,0,1,0,0,-0.6285,0,0.7778,-1542.584,0,0,0,1
281.7768,38.13645,0,-1542.39,1.816513,1.816513,0.258179,-68.62318,0.25,-1842.867,318.5603,0,0.7778,0,0.6286,38.1365,0,1,0,0,-0.6286,0,0.7778,-1542.39,0,0,0,1
281.787,38.2936,0,-1542.195,1.808868,1.808868,0.357056,-68.62318,0.25,-1842.867,318.7961,0,0.7777,0,0.6286,38.2936,0,1,0,0,-0.6286,0,0.7777,-1542.195,0,0,0,1
281.7957,38.45077,0,-1542.001,1.801232,1.801232,0.492568,-68.62318,0.25,-1842.867,319.032,0,0.7777,0,0.6287,38.4508,0,1,0,0,-0.6287,0,0.7777,-1542.001,0,0,0,1
281.8065,38.60796,0,-1541.807,1.793604,1.793604,0.613418,-68.62318,0.25,-1842.867,319.2678,0,0.7776,0,0.6288,38.608,0,1,0,0,-0.6288,0,0.7776,-1541.807,0,0,0,1
281.8177,38.76517,0,-1541.612,1.786196,1.786196,0.82582,-68.62318,0.25,-1842.867,319.5036,0,0.7775,0,0.6289,38.7652,0,1,0,0,-0.6289,0,0.7775,-1541.612,0,0,0,1
281.8289,38.92242,0,-1541.418,1.77872,1.77872,1.019912,-68.62318,0.25,-1842.867,319.7394,0,0.7774,0,0.629,38.9224,0,1,0,0,-0.629,0,0.7774,-1541.418,0,0,0,1
281.8403,39.23705,0,-1541.029,1.763955,1.763955,1.261611,-68.62318,0.25,-1842.867,320.2111,0,0.7771,0,0.6293,39.2371,0,1,0,0,-0.6293,0,0.7771,-1541.029,0,0,0,1
281.8514,39.39444,0,-1540.835,1.75662,1.75662,1.543608,-68.62318,0.25,-1842.867,320.447,0,0.777,0,0.6296,39.3944,0,1,0,0,-0.6296,0,0.777,-1540.835,0,0,0,1
281.8626,39.55189,0,-1540.641,1.749356,1.749356,1.792631,-68.62318,0.25,-1842.867,320.6829,0,0.7768,0,0.6298,39.5519,0,1,0,0,-0.6298,0,0.7768,-1540.641,0,0,0,1
281.874,39.70941,0,-1540.447,1.742251,1.742251,2.22476,-68.62318,0.25,-1842.867,320.9187,0,0.7765,0,0.6301,39.7094,0,1,0,0,-0.6301,0,0.7765,-1540.447,0,0,0,1
281.885,39.86702,0,-1540.253,1.735183,1.735183,2.462811,-68.62318,0.25,-1842.867,321.1545,0,0.7762,0,0.6304,39.867,0,1,0,0,-0.6304,0,0.7762,-1540.253,0,0,0,1
281.8967,40.02472,0,-1540.059,1.728361,1.728361,2.774091,-68.62318,0.25,-1842.867,321.3903,0,0.7759,0,0.6308,40.0247,0,1,0,0,-0.6308,0,0.7759,-1540.059,0,0,0,1
281.9078,40.18253,0,-1539.865,1.721631,1.721631,3.184247,-68.62318,0.25,-1842.867,321.626,0,0.7756,0,0.6312,40.1825,0,1,0,0,-0.6312,0,0.7756,-1539.865,0,0,0,1
281.9184,40.34046,0,-1539.671,1.714954,1.714954,3.543148,-68.62318,0.25,-1842.867,321.8618,0,0.7752,0,0.6317,40.3405,0,1,0,0,-0.6317,0,0.7752,-1539.671,0,0,0,1
281.9299,40.49853,0,-1539.477,1.70854,1.70854,4.041195,-68.62318,0.25,-1842.867,322.0976,0,0.7748,0,0.6323,40.4985,0,1,0,0,-0.6323,0,0.7748,-1539.477,0,0,0,1
281.941,40.81511,0,-1539.09,1.696206,1.696206,4.400096,-68.62318,0.25,-1842.867,322.5689,0,0.7738,0,0.6335,40.8151,0,1,0,0,-0.6335,0,0.7738,-1539.09,0,0,0,1
281.9517,40.97363,0,-1538.897,1.690495,1.690495,4.758983,-68.62318,0.25,-1842.867,322.8044,0,0.7733,0,0.6341,40.9736,0,1,0,0,-0.6341,0,0.7733,-1538.897,0,0,0,1
281.9631,41.13233,0,-1538.704,1.68486,1.68486,5.150828,-68.62318,0.25,-1842.867,323.04,0,0.7727,0,0.6348,41.1323,0,1,0,0,-0.6348,0,0.7727,-1538.704,0,0,0,1
281.9739,41.29121,0,-1538.511,1.679477,1.679477,5.484095,-68.62318,0.25,-1842.867,323.2755,0,0.7721,0,0.6355,41.2912,0,1,0,0,-0.6355,0,0.7721,-1538.511,0,0,0,1
281.9851,41.45029,0,-1538.318,1.674304,1.674304,5.872278,-68.62318,0.25,-1842.867,323.5108,0,0.7714,0,0.6363,41.4503,0,1,0,0,-0.6363,0,0.7714,-1538.318,0,0,0,1
281.9962,41.60958,0,-1538.125,1.669552,1.669552,6.17991,-68.62318,0.25,-1842.867,323.7461,0,0.7707,0,0.6372,41.6096,0,1,0,0,-0.6372,0,0.7707,-1538.125,0,0,0,1
282.0075,41.76909,0,-1537.933,1.664945,1.664945,6.535134,-68.62318,0.25,-1842.867,323.9814,0,0.77,0,0.638,41.7691,0,1,0,0,-0.638,0,0.77,-1537.933,0,0,0,1
282.0183,41.92883,0,-1537.74,1.660764,1.660764,6.80613,-68.62318,0.25,-1842.867,324.2165,0,0.7693,0,0.6389,41.9288,0,1,0,0,-0.6389,0,0.7693,-1537.74,0,0,0,1
282.0296,42.0888,0,-1537.548,1.656814,1.656814,7.135735,-68.62318,0.25,-1842.867,324.4516,0,0.7685,0,0.6399,42.0888,0,1,0,0,-0.6399,0,0.7685,-1537.548,0,0,0,1
282.041,42.4095,0,-1537.165,1.649912,1.649912,7.476311,-68.62318,0.25,-1842.867,324.9215,0,0.7668,0,0.6419,42.4095,0,1,0,0,-0.6419,0,0.7668,-1537.165,0,0,0,1
282.0517,42.57024,0,-1536.973,1.647043,1.647043,7.644768,-68.62318,0.25,-1842.867,325.1562,0,0.7659,0,0.6429,42.5702,0,1,0,0,-0.6429,0,0.7659,-1536.973,0,0,0,1
282.0629,42.73123,0,-1536.782,1.644288,1.644288,7.901115,-68.62318,0.25,-1842.867,325.3911,0,0.765,0,0.644,42.7312,0,1,0,0,-0.644,0,0.765,-1536.782,0,0,0,1
282.074,42.8925,0,-1536.591,1.642028,1.642028,8.080573,-68.62318,0.25,-1842.867,325.6257,0,0.7641,0,0.6451,42.8925,0,1,0,0,-0.6451,0,0.7641,-1536.591,0,0,0,1
282.0849,43.05404,0,-1536.4,1.640139,1.640139,8.292975,-68.62318,0.25,-1842.867,325.8603,0,0.7632,0,0.6462,43.054,0,1,0,0,-0.6462,0,0.7632,-1536.4,0,0,0,1
282.0961,43.21586,0,-1536.209,1.638623,1.638623,8.45777,-68.62318,0.25,-1842.867,326.0947,0,0.7622,0,0.6473,43.2159,0,1,0,0,-0.6473,0,0.7622,-1536.209,0,0,0,1
282.1111,43.54037,0,-1535.829,1.636765,1.636765,8.673835,-68.62318,0.25,-1842.867,326.563,0,0.7603,0,0.6496,43.5404,0,1,0,0,-0.6496,0,0.7603,-1535.829,0,0,0,1
282.1208,43.70307,0,-1535.639,1.636258,1.636258,8.791022,-68.62318,0.25,-1842.867,326.7972,0,0.7593,0,0.6508,43.7031,0,1,0,0,-0.6508,0,0.7593,-1535.639,0,0,0,1
282.1294,43.70307,0,-1535.639,1.636258,1.636258,8.791022,-68.62318,0.25,-1842.867,326.7972,0,0.7593,0,0.6508,43.7031,0,1,0,0,-0.6508,0,0.7593,-1535.639,0,0,0,1
282.1405,44.02935,0,-1535.26,1.636631,1.636631,9.018087,-68.62318,0.25,-1842.867,327.2651,0,0.7572,0,0.6532,44.0294,0,1,0,0,-0.6532,0,0.7572,-1535.26,0,0,0,1
282.1518,44.19294,0,-1535.071,1.637389,1.637389,9.17922,-68.62318,0.25,-1842.867,327.4989,0,0.7562,0,0.6544,44.1929,0,1,0,0,-0.6544,0,0.7562,-1535.071,0,0,0,1
282.1625,44.35683,0,-1534.883,1.638658,1.638658,9.30007,-68.62318,0.25,-1842.867,327.7325,0,0.7551,0,0.6556,44.3568,0,1,0,0,-0.6556,0,0.7551,-1534.883,0,0,0,1
282.1739,44.52104,0,-1534.694,1.640231,1.640231,9.446554,-68.62318,0.25,-1842.867,327.9659,0,0.754,0,0.6568,44.521,0,1,0,0,-0.6568,0,0.754,-1534.694,0,0,0,1
282.1848,44.68557,0,-1534.506,1.642275,1.642275,9.589376,-68.62318,0.25,-1842.867,328.1993,0,0.7529,0,0.6581,44.6856,0,1,0,0,-0.6581,0,0.7529,-1534.506,0,0,0,1
282.196,44.85041,0,-1534.318,1.644707,1.644707,9.713888,-68.62318,0.25,-1842.867,328.4326,0,0.7518,0,0.6594,44.8504,0,1,0,0,-0.6594,0,0.7518,-1534.318,0,0,0,1
282.2073,45.01558,0,-1534.13,1.647532,1.647532,9.897008,-68.62318,0.25,-1842.867,328.6658,0,0.7507,0,0.6607,45.0156,0,1,0,0,-0.6607,0,0.7507,-1534.13,0,0,0,1
282.2181,45.18107,0,-1533.943,1.65092,1.65092,9.992223,-68.62318,0.25,-1842.867,328.8987,0,0.7495,0,0.662,45.1811,0,1,0,0,-0.662,0,0.7495,-1533.943,0,0,0,1
282.2303,45.51305,0,-1533.569,1.658918,1.658918,10.13871,-68.62318,0.25,-1842.867,329.3642,0,0.7472,0,0.6646,45.5131,0,1,0,0,-0.6646,0,0.7472,-1533.569,0,0,0,1
282.2404,45.67955,0,-1533.382,1.663449,1.663449,10.32914,-68.62318,0.25,-1842.867,329.597,0,0.746,0,0.666,45.6796,0,1,0,0,-0.666,0,0.746,-1533.382,0,0,0,1
282.2514,45.84638,0,-1533.196,1.668677,1.668677,10.47196,-68.62318,0.25,-1842.867,329.8292,0,0.7448,0,0.6673,45.8464,0,1,0,0,-0.6673,0,0.7448,-1533.196,0,0,0,1
282.2628,46.01356,0,-1533.01,1.674258,1.674258,10.62211,-68.62318,0.25,-1842.867,330.0616,0,0.7435,0,0.6687,46.0136,0,1,0,0,-0.6687,0,0.7435,-1533.01,0,0,0,1
282.2739,46.18109,0,-1532.825,1.680372,1.680372,10.83086,-68.62318,0.25,-1842.867,330.2937,0,0.7423,0,0.6701,46.1811,0,1,0,0,-0.6701,0,0.7423,-1532.825,0,0,0,1
282.2848,46.34897,0,-1532.64,1.686807,1.686807,10.9334,-68.62318,0.25,-1842.867,330.5257,0,0.741,0,0.6715,46.349,0,1,0,0,-0.6715,0,0.741,-1532.64,0,0,0,1
282.2961,46.51721,0,-1532.455,1.693854,1.693854,11.05425,-68.62318,0.25,-1842.867,330.7576,0,0.7397,0,0.673,46.5172,0,1,0,0,-0.673,0,0.7397,-1532.455,0,0,0,1
282.3073,46.68581,0,-1532.27,1.701356,1.701356,11.18975,-68.62318,0.25,-1842.867,330.9892,0,0.7384,0,0.6744,46.6858,0,1,0,0,-0.6744,0,0.7384,-1532.27,0,0,0,1
282.318,46.85477,0,-1532.086,1.70931,1.70931,11.28862,-68.62318,0.25,-1842.867,331.2207,0,0.737,0,0.6759,46.8548,0,1,0,0,-0.6759,0,0.737,-1532.086,0,0,0,1
282.3297,47.02411,0,-1531.902,1.717756,1.717756,11.4168,-68.62318,0.25,-1842.867,331.4521,0,0.7357,0,0.6773,47.0241,0,1,0,0,-0.6773,0,0.7357,-1531.902,0,0,0,1
282.3406,47.36388,0,-1531.535,1.736262,1.736262,11.55596,-68.62318,0.25,-1842.867,331.9143,0,0.7329,0,0.6803,47.3639,0,1,0,0,-0.6803,0,0.7329,-1531.535,0,0,0,1
282.3513,47.53432,0,-1531.352,1.746322,1.746322,11.6585,-68.62318,0.25,-1842.867,332.1451,0,0.7316,0,0.6818,47.5343,0,1,0,0,-0.6818,0,0.7316,-1531.352,0,0,0,1
282.3626,47.70514,0,-1531.17,1.756841,1.756841,11.76837,-68.62318,0.25,-1842.867,332.3758,0,0.7302,0,0.6833,47.7051,0,1,0,0,-0.6833,0,0.7302,-1531.17,0,0,0,1
282.3737,47.87634,0,-1530.988,1.767903,1.767903,11.9112,-68.62318,0.25,-1842.867,332.6062,0,0.7287,0,0.6848,47.8763,0,1,0,0,-0.6848,0,0.7287,-1530.988,0,0,0,1
282.385,48.04792,0,-1530.806,1.779458,1.779458,11.94416,-68.62318,0.25,-1842.867,332.8366,0,0.7273,0,0.6863,48.0479,0,1,0,0,-0.6863,0,0.7273,-1530.806,0,0,0,1
282.3958,48.21988,0,-1530.624,1.791479,1.791479,12.03571,-68.62318,0.25,-1842.867,333.0668,0,0.7259,0,0.6878,48.2199,0,1,0,0,-0.6878,0,0.7259,-1530.624,0,0,0,1
282.4072,48.39222,0,-1530.443,1.804086,1.804086,12.10895,-68.62318,0.25,-1842.867,333.2968,0,0.7244,0,0.6894,48.3922,0,1,0,0,-0.6894,0,0.7244,-1530.443,0,0,0,1
282.418,48.56495,0,-1530.262,1.817146,1.817146,12.14923,-68.62318,0.25,-1842.867,333.5267,0,0.7229,0,0.6909,48.565,0,1,0,0,-0.6909,0,0.7229,-1530.262,0,0,0,1
282.4291,48.73806,0,-1530.082,1.830794,1.830794,12.15656,-68.62318,0.25,-1842.867,333.7564,0,0.7215,0,0.6924,48.7381,0,1,0,0,-0.6924,0,0.7215,-1530.082,0,0,0,1
282.4436,49.08543,0,-1529.722,1.859639,1.859639,12.15656,-68.62318,0.25,-1842.867,334.2152,0,0.7185,0,0.6955,49.0854,0,1,0,0,-0.6955,0,0.7185,-1529.722,0,0,0,1
282.4546,49.25968,0,-1529.543,1.874838,1.874838,12.15656,-68.62318,0.25,-1842.867,334.4444,0,0.7171,0,0.697,49.2597,0,1,0,0,-0.697,0,0.7171,-1529.543,0,0,0,1
282.4633,49.43432,0,-1529.364,1.890828,1.890828,12.15656,-68.62318,0.25,-1842.867,334.6731,0,0.7156,0,0.6985,49.4343,0,1,0,0,-0.6985,0,0.7156,-1529.364,0,0,0,1
282.4735,49.60933,0,-1529.185,1.907106,1.907106,12.15656,-68.62318,0.25,-1842.867,334.9019,0,0.7141,0,0.7001,49.6093,0,1,0,0,-0.7001,0,0.7141,-1529.185,0,0,0,1
282.4847,49.78472,0,-1529.007,1.923973,1.923973,12.14923,-68.62318,0.25,-1842.867,335.1304,0,0.7126,0,0.7016,49.7847,0,1,0,0,-0.7016,0,0.7126,-1529.007,0,0,0,1
282.4958,49.96049,0,-1528.83,1.94138,1.94138,12.13092,-68.62318,0.25,-1842.867,335.3587,0,0.7111,0,0.7031,49.9605,0,1,0,0,-0.7031,0,0.7111,-1528.83,0,0,0,1
282.507,50.13663,0,-1528.652,1.959247,1.959247,12.07965,-68.62318,0.25,-1842.867,335.5868,0,0.7096,0,0.7046,50.1366,0,1,0,0,-0.7046,0,0.7096,-1528.652,0,0,0,1
282.518,50.31315,0,-1528.475,1.97765,1.97765,12.0174,-68.62318,0.25,-1842.867,335.8148,0,0.7082,0,0.7061,50.3132,0,1,0,0,-0.7061,0,0.7082,-1528.475,0,0,0,1
282.5298,50.49003,0,-1528.299,1.996669,1.996669,11.91852,-68.62318,0.25,-1842.867,336.0425,0,0.7067,0,0.7075,50.49,0,1,0,0,-0.7075,0,0.7067,-1528.299,0,0,0,1
282.5405,50.84488,0,-1527.946,2.03615,2.03615,11.75006,-68.62318,0.25,-1842.867,336.4975,0,0.7038,0,0.7104,50.8449,0,1,0,0,-0.7104,0,0.7038,-1527.946,0,0,0,1
282.5513,51.02285,0,-1527.771,2.056566,2.056566,11.6292,-68.62318,0.25,-1842.867,336.7248,0,0.7023,0,0.7118,51.0229,0,1,0,0,-0.7118,0,0.7023,-1527.771,0,0,0,1
282.5624,51.20116,0,-1527.596,2.077599,2.077599,11.46074,-68.62318,0.25,-1842.867,336.9518,0,0.7009,0,0.7133,51.2012,0,1,0,0,-0.7133,0,0.7009,-1527.596,0,0,0,1
282.5738,51.37981,0,-1527.421,2.099068,2.099068,11.22637,-68.62318,0.25,-1842.867,337.1787,0,0.6995,0,0.7146,51.3798,0,1,0,0,-0.7146,0,0.6995,-1527.421,0,0,0,1
282.5845,51.55881,0,-1527.246,2.121025,2.121025,10.97368,-68.62318,0.25,-1842.867,337.4054,0,0.6981,0,0.716,51.5588,0,1,0,0,-0.716,0,0.6981,-1527.246,0,0,0,1
282.5958,51.73812,0,-1527.072,2.143409,2.143409,10.74662,-68.62318,0.25,-1842.867,337.632,0,0.6968,0,0.7173,51.7381,0,1,0,0,-0.7173,0,0.6968,-1527.072,0,0,0,1
282.6071,51.91776,0,-1526.898,2.166274,2.166274,10.42801,-68.62318,0.25,-1842.867,337.8584,0,0.6955,0,0.7185,51.9178,0,1,0,0,-0.7185,0,0.6955,-1526.898,0,0,0,1
282.618,52.09771,0,-1526.725,2.189526,2.189526,10.24125,-68.62318,0.25,-1842.867,338.0847,0,0.6942,0,0.7198,52.0977,0,1,0,0,-0.7198,0,0.6942,-1526.725,0,0,0,1
282.6292,52.27795,0,-1526.551,2.213283,2.213283,9.992223,-68.62318,0.25,-1842.867,338.3108,0,0.6929,0,0.721,52.278,0,1,0,0,-0.721,0,0.6929,-1526.551,0,0,0,1
282.6404,52.63934,0,-1526.206,2.261858,2.261858,9.798117,-68.62318,0.25,-1842.867,338.7627,0,0.6905,0,0.7234,52.6393,0,1,0,0,-0.7234,0,0.6905,-1526.206,0,0,0,1
282.6514,52.82046,0,-1526.033,2.286924,2.286924,9.585714,-68.62318,0.25,-1842.867,338.9883,0,0.6893,0,0.7245,52.8205,0,1,0,0,-0.7245,0,0.6893,-1526.033,0,0,0,1
282.6624,53.00187,0,-1525.862,2.312407,2.312407,9.424582,-68.62318,0.25,-1842.867,339.2137,0,0.6881,0,0.7256,53.0019,0,1,0,0,-0.7256,0,0.6881,-1525.862,0,0,0,1
282.6737,53.18356,0,-1525.69,2.338173,2.338173,9.274435,-68.62318,0.25,-1842.867,339.4392,0,0.6869,0,0.7268,53.1836,0,1,0,0,-0.7268,0,0.6869,-1525.69,0,0,0,1
282.6847,53.36553,0,-1525.518,2.364399,2.364399,9.175558,-68.62318,0.25,-1842.867,339.6644,0,0.6857,0,0.7279,53.3655,0,1,0,0,-0.7279,0,0.6857,-1525.518,0,0,0,1
282.6956,53.54776,0,-1525.347,2.390996,2.390996,9.087667,-68.62318,0.25,-1842.867,339.8896,0,0.6846,0,0.7289,53.5478,0,1,0,0,-0.7289,0,0.6846,-1525.347,0,0,0,1
282.707,53.73027,0,-1525.176,2.41796,2.41796,9.065695,-68.62318,0.25,-1842.867,340.1146,0,0.6834,0,0.73,53.7303,0,1,0,0,-0.73,0,0.6834,-1525.176,0,0,0,1
282.7179,53.91305,0,-1525.006,2.44534,2.44534,9.065695,-68.62318,0.25,-1842.867,340.3394,0,0.6823,0,0.7311,53.9131,0,1,0,0,-0.7311,0,0.6823,-1525.006,0,0,0,1
282.7292,54.09609,0,-1524.835,2.473086,2.473086,9.065695,-68.62318,0.25,-1842.867,340.5641,0,0.6811,0,0.7322,54.0961,0,1,0,0,-0.7322,0,0.6811,-1524.835,0,0,0,1
282.7404,54.46299,0,-1524.496,2.529813,2.529813,9.080343,-68.62318,0.25,-1842.867,341.0131,0,0.6788,0,0.7343,54.463,0,1,0,0,-0.7343,0,0.6788,-1524.496,0,0,0,1
282.7512,54.64685,0,-1524.326,2.558792,2.558792,9.084005,-68.62318,0.25,-1842.867,341.2374,0,0.6776,0,0.7354,54.6469,0,1,0,0,-0.7354,0,0.6776,-1524.326,0,0,0,1
282.7624,54.83097,0,-1524.157,2.588179,2.588179,9.102316,-68.62318,0.25,-1842.867,341.4615,0,0.6764,0,0.7365,54.831,0,1,0,0,-0.7365,0,0.6764,-1524.157,0,0,0,1
282.7767,55.01536,0,-1523.988,2.617939,2.617939,9.113302,-68.62318,0.25,-1842.867,341.6855,0,0.6753,0,0.7376,55.0154,0,1,0,0,-0.7376,0,0.6753,-1523.988,0,0,0,1
282.7872,55.20002,0,-1523.82,2.648064,2.648064,9.131613,-68.62318,0.25,-1842.867,341.9094,0,0.6741,0,0.7386,55.2,0,1,0,0,-0.7386,0,0.6741,-1523.82,0,0,0,1
282.7957,55.38495,0,-1523.652,2.678603,2.678603,9.16091,-68.62318,0.25,-1842.867,342.1331,0,0.6729,0,0.7397,55.385,0,1,0,0,-0.7397,0,0.6729,-1523.652,0,0,0,1
282.807,55.57015,0,-1523.484,2.709591,2.709591,9.182882,-68.62318,0.25,-1842.867,342.3567,0,0.6717,0,0.7408,55.5702,0,1,0,0,-0.7408,0,0.6717,-1523.484,0,0,0,1
282.8178,55.75562,0,-1523.316,2.740914,2.740914,9.2488,-68.62318,0.25,-1842.867,342.5801,0,0.6705,0,0.7419,55.7556,0,1,0,0,-0.7419,0,0.6705,-1523.316,0,0,0,1
282.8292,55.94136,0,-1523.149,2.772607,2.772607,9.31838,-68.62318,0.25,-1842.867,342.8034,0,0.6693,0,0.743,55.9414,0,1,0,0,-0.743,0,0.6693,-1523.149,0,0,0,1
282.8404,56.31367,0,-1522.815,2.837355,2.837355,9.420919,-68.62318,0.25,-1842.867,343.2495,0,0.6669,0,0.7452,56.3137,0,1,0,0,-0.7452,0,0.6669,-1522.815,0,0,0,1
282.8512,56.50023,0,-1522.648,2.870203,2.870203,9.563742,-68.62318,0.25,-1842.867,343.4724,0,0.6656,0,0.7463,56.5002,0,1,0,0,-0.7463,0,0.6656,-1522.648,0,0,0,1
282.8625,56.68709,0,-1522.482,2.903678,2.903678,9.710226,-68.62318,0.25,-1842.867,343.695,0,0.6644,0,0.7474,56.6871,0,1,0,0,-0.7474,0,0.6644,-1522.482,0,0,0,1
282.8737,56.87423,0,-1522.317,2.937529,2.937529,9.948277,-68.62318,0.25,-1842.867,343.9175,0,0.6631,0,0.7486,56.8742,0,1,0,0,-0.7486,0,0.6631,-1522.317,0,0,0,1
282.8846,57.06166,0,-1522.151,2.971931,2.971931,10.11307,-68.62318,0.25,-1842.867,344.1397,0,0.6618,0,0.7497,57.0617,0,1,0,0,-0.7497,0,0.6618,-1522.151,0,0,0,1
282.8958,57.24939,0,-1521.986,3.003981,3.003981,10.39505,-68.62318,0.25,-1842.867,344.362,0,0.6604,0,0.7509,57.2494,0,1,0,0,-0.7509,0,0.6604,-1521.986,0,0,0,1
282.9073,57.43743,0,-1521.821,3.036341,3.036341,10.71732,-68.62318,0.25,-1842.867,344.584,0,0.659,0,0.7522,57.4374,0,1,0,0,-0.7522,0,0.659,-1521.821,0,0,0,1
282.9183,57.62578,0,-1521.657,3.069026,3.069026,11.00298,-68.62318,0.25,-1842.867,344.8059,0,0.6575,0,0.7534,57.6258,0,1,0,0,-0.7534,0,0.6575,-1521.657,0,0,0,1
282.9294,57.81446,0,-1521.493,3.101876,3.101876,11.34356,-68.62318,0.25,-1842.867,345.0276,0,0.656,0,0.7547,57.8145,0,1,0,0,-0.7547,0,0.656,-1521.493,0,0,0,1
282.9408,58.19283,0,-1521.166,3.158636,3.158636,11.7757,-68.62318,0.25,-1842.867,345.4702,0,0.6529,0,0.7574,58.1928,0,1,0,0,-0.7574,0,0.6529,-1521.166,0,0,0,1
282.9518,58.38253,0,-1521.003,3.187597,3.187597,12.03205,-68.62318,0.25,-1842.867,345.6912,0,0.6513,0,0.7588,58.3825,0,1,0,0,-0.7588,0,0.6513,-1521.003,0,0,0,1
282.9627,58.57258,0,-1520.841,3.215316,3.215316,12.39826,-68.62318,0.25,-1842.867,345.9121,0,0.6497,0,0.7602,58.5726,0,1,0,0,-0.7602,0,0.6497,-1520.841,0,0,0,1
282.974,58.76299,0,-1520.679,3.239889,3.239889,12.73152,-68.62318,0.25,-1842.867,346.1326,0,0.648,0,0.7616,58.763,0,1,0,0,-0.7616,0,0.648,-1520.679,0,0,0,1
282.9851,58.95376,0,-1520.517,3.26479,3.26479,13.11604,-68.62318,0.25,-1842.867,346.3531,0,0.6463,0,0.7631,58.9538,0,1,0,0,-0.7631,0,0.6463,-1520.517,0,0,0,1
282.9961,59.14492,0,-1520.356,3.290199,3.290199,13.42732,-68.62318,0.25,-1842.867,346.5732,0,0.6445,0,0.7646,59.1449,0,1,0,0,-0.7646,0,0.6445,-1520.356,0,0,0,1
283.0074,59.33646,0,-1520.195,3.31299,3.31299,13.81186,-68.62318,0.25,-1842.867,346.7931,0,0.6426,0,0.7662,59.3365,0,1,0,0,-0.7662,0,0.6426,-1520.195,0,0,0,1
283.0185,59.5284,0,-1520.035,3.334056,3.334056,14.12314,-68.62318,0.25,-1842.867,347.0127,0,0.6407,0,0.7678,59.5284,0,1,0,0,-0.7678,0,0.6407,-1520.035,0,0,0,1
283.0293,59.72075,0,-1519.876,3.355667,3.355667,14.48935,-68.62318,0.25,-1842.867,347.2321,0,0.6388,0,0.7694,59.7208,0,1,0,0,-0.7694,0,0.6388,-1519.876,0,0,0,1
283.0407,60.10668,0,-1519.558,3.395673,3.395673,14.91417,-68.62318,0.25,-1842.867,347.6701,0,0.6348,0,0.7727,60.1067,0,1,0,0,-0.7727,0,0.6348,-1519.558,0,0,0,1
283.0515,60.30027,0,-1519.4,3.413694,3.413694,15.15587,-68.62318,0.25,-1842.867,347.8884,0,0.6327,0,0.7744,60.3003,0,1,0,0,-0.7744,0,0.6327,-1519.4,0,0,0,1
283.0631,60.49429,0,-1519.242,3.431958,3.431958,15.47082,-68.62318,0.25,-1842.867,348.1068,0,0.6306,0,0.7761,60.4943,0,1,0,0,-0.7761,0,0.6306,-1519.242,0,0,0,1
283.0739,60.68874,0,-1519.085,3.449882,3.449882,15.82239,-68.62318,0.25,-1842.867,348.3248,0,0.6285,0,0.7778,60.6887,0,1,0,0,-0.7778,0,0.6285,-1519.085,0,0,0,1
283.0849,60.88364,0,-1518.928,3.464122,3.464122,16.17029,-68.62318,0.25,-1842.867,348.5425,0,0.6263,0,0.7796,60.8836,0,1,0,0,-0.7796,0,0.6263,-1518.928,0,0,0,1
283.0961,61.07899,0,-1518.772,3.478944,3.478944,16.47059,-68.62318,0.25,-1842.867,348.7599,0,0.6241,0,0.7814,61.079,0,1,0,0,-0.7814,0,0.6241,-1518.772,0,0,0,1
283.1104,61.47105,0,-1518.462,3.507765,3.507765,16.9247,-68.62318,0.25,-1842.867,349.1936,0,0.6194,0,0.7851,61.4711,0,1,0,0,-0.7851,0,0.6194,-1518.462,0,0,0,1
283.121,61.66778,0,-1518.307,3.519033,3.519033,17.19569,-68.62318,0.25,-1842.867,349.41,0,0.6171,0,0.7869,61.6678,0,1,0,0,-0.7869,0,0.6171,-1518.307,0,0,0,1
283.1293,61.66778,0,-1518.307,3.519033,3.519033,17.19569,-68.62318,0.25,-1842.867,349.41,0,0.6171,0,0.7869,61.6678,0,1,0,0,-0.7869,0,0.6171,-1518.307,0,0,0,1
283.1406,62.06266,0,-1518.001,3.543671,3.543671,17.69741,-68.62318,0.25,-1842.867,349.8418,0,0.6122,0,0.7907,62.0627,0,1,0,0,-0.7907,0,0.6122,-1518.001,0,0,0,1
283.1521,62.26082,0,-1517.848,3.552529,3.552529,18.03067,-68.62318,0.25,-1842.867,350.0572,0,0.6097,0,0.7926,62.2608,0,1,0,0,-0.7926,0,0.6097,-1517.848,0,0,0,1
283.1626,62.45947,0,-1517.697,3.561261,3.561261,18.34929,-68.62318,0.25,-1842.867,350.2721,0,0.6072,0,0.7946,62.4595,0,1,0,0,-0.7946,0,0.6072,-1517.697,0,0,0,1
283.174,62.6586,0,-1517.545,3.570565,3.570565,18.63127,-68.62318,0.25,-1842.867,350.4867,0,0.6046,0,0.7965,62.6586,0,1,0,0,-0.7965,0,0.6046,-1517.545,0,0,0,1
283.1847,62.85824,0,-1517.395,3.579787,3.579787,18.94621,-68.62318,0.25,-1842.867,350.7009,0,0.6019,0,0.7985,62.8582,0,1,0,0,-0.7985,0,0.6019,-1517.395,0,0,0,1
283.1959,63.05837,0,-1517.245,3.585217,3.585217,19.19157,-68.62318,0.25,-1842.867,350.9147,0,0.5993,0,0.8006,63.0584,0,1,0,0,-0.8006,0,0.5993,-1517.245,0,0,0,1
283.2072,63.25902,0,-1517.096,3.591311,3.591311,19.52118,-68.62318,0.25,-1842.867,351.1282,0,0.5965,0,0.8026,63.259,0,1,0,0,-0.8026,0,0.5965,-1517.096,0,0,0,1
283.218,63.46018,0,-1516.948,3.598296,3.598296,19.68963,-68.62318,0.25,-1842.867,351.3413,0,0.5938,0,0.8046,63.4602,0,1,0,0,-0.8046,0,0.5938,-1516.948,0,0,0,1
283.2292,63.66186,0,-1516.8,3.60328,3.60328,19.93866,-68.62318,0.25,-1842.867,351.5539,0,0.591,0,0.8067,63.6619,0,1,0,0,-0.8067,0,0.591,-1516.8,0,0,0,1
283.2406,64.06676,0,-1516.506,3.610204,3.610204,20.1474,-68.62318,0.25,-1842.867,351.9779,0,0.5853,0,0.8108,64.0668,0,1,0,0,-0.8108,0,0.5853,-1516.506,0,0,0,1
283.2515,64.26998,0,-1516.361,3.614777,3.614777,20.35981,-68.62318,0.25,-1842.867,352.1893,0,0.5824,0,0.8129,64.27,0,1,0,0,-0.8129,0,0.5824,-1516.361,0,0,0,1
283.2626,64.47373,0,-1516.216,3.615732,3.615732,20.52827,-68.62318,0.25,-1842.867,352.4002,0,0.5795,0,0.815,64.4737,0,1,0,0,-0.815,0,0.5795,-1516.216,0,0,0,1
283.2738,64.678,0,-1516.072,3.6164,3.6164,20.72236,-68.62318,0.25,-1842.867,352.6109,0,0.5765,0,0.8171,64.678,0,1,0,0,-0.8171,0,0.5765,-1516.072,0,0,0,1
283.2847,64.8828,0,-1515.928,3.61798,3.61798,20.84687,-68.62318,0.25,-1842.867,352.821,0,0.5735,0,0.8192,64.8828,0,1,0,0,-0.8192,0,0.5735,-1515.928,0,0,0,1
283.2959,65.08811,0,-1515.786,3.619504,3.619504,20.99336,-68.62318,0.25,-1842.867,353.0306,0,0.5705,0,0.8213,65.0881,0,1,0,0,-0.8213,0,0.5705,-1515.786,0,0,0,1
283.3073,65.29395,0,-1515.644,3.617419,3.617419,21.1545,-68.62318,0.25,-1842.867,353.2398,0,0.5675,0,0.8234,65.294,0,1,0,0,-0.8234,0,0.5675,-1515.644,0,0,0,1
283.318,65.50032,0,-1515.503,3.616098,3.616098,21.27169,-68.62318,0.25,-1842.867,353.4485,0,0.5644,0,0.8255,65.5003,0,1,0,0,-0.8255,0,0.5644,-1515.503,0,0,0,1
283.3292,65.70721,0,-1515.362,3.615549,3.615549,21.41451,-68.62318,0.25,-1842.867,353.6568,0,0.5614,0,0.8276,65.7072,0,1,0,0,-0.8276,0,0.5614,-1515.362,0,0,0,1
283.3408,66.12257,0,-1515.084,3.608915,3.608915,21.51705,-68.62318,0.25,-1842.867,354.072,0,0.5551,0,0.8318,66.1226,0,1,0,0,-0.8318,0,0.5551,-1515.084,0,0,0,1
283.3514,66.33104,0,-1514.946,3.605551,3.605551,21.65987,-68.62318,0.25,-1842.867,354.2788,0,0.552,0,0.8339,66.331,0,1,0,0,-0.8339,0,0.552,-1514.946,0,0,0,1
283.3628,66.54003,0,-1514.809,3.602949,3.602949,21.83199,-68.62318,0.25,-1842.867,354.4852,0,0.5488,0,0.836,66.54,0,1,0,0,-0.836,0,0.5488,-1514.809,0,0,0,1
283.3734,66.74954,0,-1514.673,3.596769,3.596769,21.92355,-68.62318,0.25,-1842.867,354.691,0,0.5456,0,0.8381,66.7495,0,1,0,0,-0.8381,0,0.5456,-1514.673,0,0,0,1
283.3846,66.95958,0,-1514.537,3.590423,3.590423,22.06638,-68.62318,0.25,-1842.867,354.8965,0,0.5424,0,0.8401,66.9596,0,1,0,0,-0.8401,0,0.5424,-1514.537,0,0,0,1
283.396,67.17014,0,-1514.402,3.585056,3.585056,22.27879,-68.62318,0.25,-1842.867,355.1013,0,0.5391,0,0.8422,67.1701,0,1,0,0,-0.8422,0,0.5391,-1514.402,0,0,0,1
283.4069,67.38123,0,-1514.268,3.579548,3.579548,22.49485,-68.62318,0.25,-1842.867,355.3057,0,0.5358,0,0.8444,67.3812,0,1,0,0,-0.8444,0,0.5358,-1514.268,0,0,0,1
283.4179,67.59285,0,-1514.135,3.570637,3.570637,22.67063,-68.62318,0.25,-1842.867,355.5096,0,0.5324,0,0.8465,67.5929,0,1,0,0,-0.8465,0,0.5324,-1514.135,0,0,0,1
283.4292,67.805,0,-1514.003,3.562495,3.562495,22.92332,-68.62318,0.25,-1842.867,355.7129,0,0.529,0,0.8486,67.805,0,1,0,0,-0.8486,0,0.529,-1514.003,0,0,0,1
283.4438,68.2309,0,-1513.741,3.546376,3.546376,23.23827,-68.62318,0.25,-1842.867,356.118,0,0.5221,0,0.8529,68.2309,0,1,0,0,-0.8529,0,0.5221,-1513.741,0,0,0,1
283.454,68.44465,0,-1513.612,3.535611,3.535611,23.54955,-68.62318,0.25,-1842.867,356.3197,0,0.5186,0,0.855,68.4447,0,1,0,0,-0.855,0,0.5186,-1513.612,0,0,0,1
283.4625,68.65894,0,-1513.483,3.525581,3.525581,23.83886,-68.62318,0.25,-1842.867,356.521,0,0.5151,0,0.8571,68.6589,0,1,0,0,-0.8571,0,0.5151,-1513.483,0,0,0,1
283.4737,68.87376,0,-1513.355,3.516809,3.516809,24.08423,-68.62318,0.25,-1842.867,356.7215,0,0.5115,0,0.8593,68.8738,0,1,0,0,-0.8593,0,0.5115,-1513.355,0,0,0,1
283.4846,69.08913,0,-1513.228,3.504398,3.504398,24.41749,-68.62318,0.25,-1842.867,356.9216,0,0.5078,0,0.8615,69.0891,0,1,0,0,-0.8615,0,0.5078,-1513.228,0,0,0,1
283.4958,69.30505,0,-1513.102,3.492075,3.492075,24.8716,-68.62318,0.25,-1842.867,357.121,0,0.5041,0,0.8637,69.3051,0,1,0,0,-0.8637,0,0.5041,-1513.102,0,0,0,1
283.507,69.52153,0,-1512.977,3.480744,3.480744,25.355,-68.62318,0.25,-1842.867,357.3199,0,0.5002,0,0.8659,69.5215,0,1,0,0,-0.8659,0,0.5002,-1512.977,0,0,0,1
283.5178,69.73856,0,-1512.853,3.4696,3.4696,25.78714,-68.62318,0.25,-1842.867,357.5181,0,0.4963,0,0.8681,69.7386,0,1,0,0,-0.8681,0,0.4963,-1512.853,0,0,0,1
283.529,69.95616,0,-1512.73,3.454921,3.454921,26.24491,-68.62318,0.25,-1842.867,357.7157,0,0.4923,0,0.8704,69.9562,0,1,0,0,-0.8704,0,0.4923,-1512.73,0,0,0,1
283.5404,70.39309,0,-1512.487,3.42862,3.42862,27.03228,-68.62318,0.25,-1842.867,358.109,0,0.4841,0,0.875,70.3931,0,1,0,0,-0.875,0,0.4841,-1512.487,0,0,0,1
283.5513,70.61242,0,-1512.367,3.414842,3.414842,27.44609,-68.62318,0.25,-1842.867,358.3045,0,0.4799,0,0.8773,70.6124,0,1,0,0,-0.8773,0,0.4799,-1512.367,0,0,0,1
283.5623,70.83233,0,-1512.248,3.399083,3.399083,27.96979,-68.62318,0.25,-1842.867,358.4995,0,0.4756,0,0.8797,70.8323,0,1,0,0,-0.8797,0,0.4756,-1512.248,0,0,0,1
283.5735,71.05283,0,-1512.13,3.384295,3.384295,28.61433,-68.62318,0.25,-1842.867,358.6938,0,0.4712,0,0.882,71.0528,0,1,0,0,-0.882,0,0.4712,-1512.13,0,0,0,1
283.5848,71.27393,0,-1512.013,3.370851,3.370851,29.11971,-68.62318,0.25,-1842.867,358.8873,0,0.4667,0,0.8844,71.2739,0,1,0,0,-0.8844,0,0.4667,-1512.013,0,0,0,1
283.5957,71.49564,0,-1511.898,3.354567,3.354567,29.72763,-68.62318,0.25,-1842.867,359.0798,0,0.4621,0,0.8868,71.4956,0,1,0,0,-0.8868,0,0.4621,-1511.898,0,0,0,1
283.6069,71.71795,0,-1511.784,3.338125,3.338125,30.41611,-68.62318,0.25,-1842.867,359.2718,0,0.4574,0,0.8892,71.718,0,1,0,0,-0.8892,0,0.4574,-1511.784,0,0,0,1
283.6179,71.94087,0,-1511.671,3.322914,3.322914,30.78233,-68.62318,0.25,-1842.867,359.463,0,0.4526,0,0.8917,71.9409,0,1,0,0,-0.8917,0,0.4526,-1511.671,0,0,0,1
283.6292,72.16441,0,-1511.559,3.308669,3.308669,31.35728,-68.62318,0.25,-1842.867,359.6534,0,0.4478,0,0.8942,72.1644,0,1,0,0,-0.8942,0,0.4478,-1511.559,0,0,0,1
283.6402,72.61334,0,-1511.338,3.273681,3.273681,31.80774,-68.62318,0.25,-1842.867,360.0316,0,0.4378,0,0.8991,72.6133,0,1,0,0,-0.8991,0,0.4378,-1511.338,0,0,0,1
283.6512,72.83872,0,-1511.23,3.258178,3.258178,32.31311,-68.62318,0.25,-1842.867,360.2195,0,0.4327,0,0.9015,72.8387,0,1,0,0,-0.9015,0,0.4327,-1511.23,0,0,0,1
283.6624,73.06472,0,-1511.123,3.242087,3.242087,32.71962,-68.62318,0.25,-1842.867,360.4064,0,0.4276,0,0.904,73.0647,0,1,0,0,-0.904,0,0.4276,-1511.123,0,0,0,1
283.6735,73.29133,0,-1511.018,3.224038,3.224038,33.20668,-68.62318,0.25,-1842.867,360.5924,0,0.4223,0,0.9064,73.2913,0,1,0,0,-0.9064,0,0.4223,-1511.018,0,0,0,1
283.6844,73.51855,0,-1510.913,3.207067,3.207067,33.61319,-68.62318,0.25,-1842.867,360.7777,0,0.417,0,0.9089,73.5186,0,1,0,0,-0.9089,0,0.417,-1510.913,0,0,0,1
283.6957,73.7464,0,-1510.811,3.191672,3.191672,34.0856,-68.62318,0.25,-1842.867,360.962,0,0.4116,0,0.9114,73.7464,0,1,0,0,-0.9114,0,0.4116,-1510.811,0,0,0,1
283.707,73.97486,0,-1510.709,3.173962,3.173962,34.61296,-68.62318,0.25,-1842.867,361.1453,0,0.4061,0,0.9138,73.9749,0,1,0,0,-0.9138,0,0.4061,-1510.709,0,0,0,1
283.7178,74.20393,0,-1510.609,3.15603,3.15603,34.90226,-68.62318,0.25,-1842.867,361.3276,0,0.4005,0,0.9163,74.2039,0,1,0,0,-0.9163,0,0.4005,-1510.609,0,0,0,1
283.7291,74.43362,0,-1510.51,3.139309,3.139309,35.24651,-68.62318,0.25,-1842.867,361.5091,0,0.3948,0,0.9187,74.4336,0,1,0,0,-0.9187,0,0.3948,-1510.51,0,0,0,1
283.7404,74.8948,0,-1510.317,3.105398,3.105398,35.67132,-68.62318,0.25,-1842.867,361.8688,0,0.3834,0,0.9236,74.8948,0,1,0,0,-0.9236,0,0.3834,-1510.317,0,0,0,1
283.7511,75.1263,0,-1510.223,3.087842,3.087842,36.08514,-68.62318,0.25,-1842.867,362.0471,0,0.3776,0,0.926,75.1263,0,1,0,0,-0.926,0,0.3776,-1510.223,0,0,0,1
283.7655,75.3584,0,-1510.13,3.071724,3.071724,36.5832,-68.62318,0.25,-1842.867,362.2245,0,0.3716,0,0.9284,75.3584,0,1,0,0,-0.9284,0,0.3716,-1510.13,0,0,0,1
283.7764,75.59109,0,-1510.038,3.055857,3.055857,36.95307,-68.62318,0.25,-1842.867,362.4008,0,0.3656,0,0.9308,75.5911,0,1,0,0,-0.9308,0,0.3656,-1510.038,0,0,0,1
283.7854,75.82437,0,-1509.948,3.037479,3.037479,37.35592,-68.62318,0.25,-1842.867,362.5759,0,0.3596,0,0.9331,75.8244,0,1,0,0,-0.9331,0,0.3596,-1509.948,0,0,0,1
283.7957,76.05824,0,-1509.86,3.020413,3.020413,37.6379,-68.62318,0.25,-1842.867,362.7501,0,0.3534,0,0.9355,76.0582,0,1,0,0,-0.9355,0,0.3534,-1509.86,0,0,0,1
283.8067,76.29268,0,-1509.773,3.005025,3.005025,37.94918,-68.62318,0.25,-1842.867,362.9231,0,0.3472,0,0.9378,76.2927,0,1,0,0,-0.9378,0,0.3472,-1509.773,0,0,0,1
283.8179,76.5277,0,-1509.688,2.98874,2.98874,38.2971,-68.62318,0.25,-1842.867,363.0948,0,0.3409,0,0.9401,76.5277,0,1,0,0,-0.9401,0,0.3409,-1509.688,0,0,0,1
283.8293,76.76329,0,-1509.604,2.97097,2.97097,38.62669,-68.62318,0.25,-1842.867,363.2657,0,0.3346,0,0.9424,76.7633,0,1,0,0,-0.9424,0,0.3346,-1509.604,0,0,0,1
283.8403,77.23615,0,-1509.442,2.940448,2.940448,38.91601,-68.62318,0.25,-1842.867,363.6038,0,0.3218,0,0.9468,77.2362,0,1,0,0,-0.9468,0,0.3218,-1509.442,0,0,0,1
283.8513,77.4734,0,-1509.363,2.923449,2.923449,39.27489,-68.62318,0.25,-1842.867,363.7711,0,0.3153,0,0.949,77.4734,0,1,0,0,-0.949,0,0.3153,-1509.363,0,0,0,1
283.8624,77.71119,0,-1509.286,2.906771,2.906771,39.68505,-68.62318,0.25,-1842.867,363.9371,0,0.3087,0,0.9512,77.7112,0,1,0,0,-0.9512,0,0.3087,-1509.286,0,0,0,1
283.8734,77.94951,0,-1509.21,2.891749,2.891749,39.90113,-68.62318,0.25,-1842.867,364.1021,0,0.3021,0,0.9533,77.9495,0,1,0,0,-0.9533,0,0.3021,-1509.21,0,0,0,1
283.8846,78.18835,0,-1509.137,2.87836,2.87836,40.17945,-68.62318,0.25,-1842.867,364.2657,0,0.2954,0,0.9554,78.1884,0,1,0,0,-0.9554,0,0.2954,-1509.137,0,0,0,1
283.8963,78.42772,0,-1509.064,2.861214,2.861214,40.46875,-68.62318,0.25,-1842.867,364.4281,0,0.2886,0,0.9574,78.4277,0,1,0,0,-0.9574,0,0.2886,-1509.064,0,0,0,1
283.9068,78.66759,0,-1508.994,2.845848,2.845848,40.68848,-68.62318,0.25,-1842.867,364.5893,0,0.2818,0,0.9595,78.6676,0,1,0,0,-0.9595,0,0.2818,-1508.994,0,0,0,1
283.9178,78.90795,0,-1508.925,2.832022,2.832022,40.83864,-68.62318,0.25,-1842.867,364.7491,0,0.275,0,0.9615,78.908,0,1,0,0,-0.9615,0,0.275,-1508.925,0,0,0,1
283.9288,79.1488,0,-1508.858,2.818489,2.818489,40.95583,-68.62318,0.25,-1842.867,364.9077,0,0.2681,0,0.9634,79.1488,0,1,0,0,-0.9634,0,0.2681,-1508.858,0,0,0,1
283.9399,79.39013,0,-1508.793,2.802769,2.802769,41.00344,-68.62318,0.25,-1842.867,365.0651,0,0.2612,0,0.9653,79.3901,0,1,0,0,-0.9653,0,0.2612,-1508.793,0,0,0,1
283.9508,79.87415,0,-1508.667,2.776161,2.776161,41.02175,-68.62318,0.25,-1842.867,365.3759,0,0.2473,0,0.9689,79.8742,0,1,0,0,-0.9689,0,0.2473,-1508.667,0,0,0,1
283.962,80.11681,0,-1508.607,2.762535,2.762535,41.02175,-68.62318,0.25,-1842.867,365.5294,0,0.2404,0,0.9707,80.1168,0,1,0,0,-0.9707,0,0.2404,-1508.607,0,0,0,1
283.974,80.35991,0,-1508.549,2.748103,2.748103,41.02175,-68.62318,0.25,-1842.867,365.6815,0,0.2334,0,0.9724,80.3599,0,1,0,0,-0.9724,0,0.2334,-1508.549,0,0,0,1
283.9842,80.60342,0,-1508.492,2.735315,2.735315,41.02175,-68.62318,0.25,-1842.867,365.8323,0,0.2265,0,0.974,80.6034,0,1,0,0,-0.974,0,0.2265,-1508.492,0,0,0,1
283.9954,80.84732,0,-1508.438,2.724297,2.724297,41.02175,-68.62318,0.25,-1842.867,365.9818,0,0.2195,0,0.9756,80.8473,0,1,0,0,-0.9756,0,0.2195,-1508.438,0,0,0,1
284.0066,81.09161,0,-1508.385,2.710737,2.710737,41.02175,-68.62318,0.25,-1842.867,366.1299,0,0.2125,0,0.9772,81.0916,0,1,0,0,-0.9772,0,0.2125,-1508.385,0,0,0,1
284.0177,81.33628,0,-1508.333,2.697693,2.697693,41.02175,-68.62318,0.25,-1842.867,366.2768,0,0.2055,0,0.9787,81.3363,0,1,0,0,-0.9787,0,0.2055,-1508.333,0,0,0,1
284.0287,81.58131,0,-1508.284,2.686293,2.686293,41.02175,-68.62318,0.25,-1842.867,366.4222,0,0.1985,0,0.9801,81.5813,0,1,0,0,-0.9801,0,0.1985,-1508.284,0,0,0,1
284.0402,82.0724,0,-1508.19,2.662966,2.662966,41.02175,-68.62318,0.25,-1842.867,366.7092,0,0.1844,0,0.9828,82.0724,0,1,0,0,-0.9828,0,0.1844,-1508.19,0,0,0,1
284.051,82.31843,0,-1508.145,2.651301,2.651301,41.02175,-68.62318,0.25,-1842.867,366.8506,0,0.1774,0,0.9841,82.3184,0,1,0,0,-0.9841,0,0.1774,-1508.145,0,0,0,1
284.062,82.56477,0,-1508.103,2.641148,2.641148,41.02175,-68.62318,0.25,-1842.867,366.9907,0,0.1703,0,0.9854,82.5648,0,1,0,0,-0.9854,0,0.1703,-1508.103,0,0,0,1
284.0733,82.81142,0,-1508.062,2.63142,2.63142,41.02175,-68.62318,0.25,-1842.867,367.1293,0,0.1633,0,0.9866,82.8114,0,1,0,0,-0.9866,0,0.1633,-1508.062,0,0,0,1
284.0843,83.05835,0,-1508.023,2.619485,2.619485,41.02541,-68.62318,0.25,-1842.867,367.2666,0,0.1562,0,0.9877,83.0584,0,1,0,0,-0.9877,0,0.1562,-1508.023,0,0,0,1
284.0953,83.30556,0,-1507.986,2.608936,2.608936,41.09865,-68.62318,0.25,-1842.867,367.4026,0,0.1491,0,0.9888,83.3056,0,1,0,0,-0.9888,0,0.1491,-1507.986,0,0,0,1
284.1097,83.55302,0,-1507.95,2.600264,2.600264,41.28908,-68.62318,0.25,-1842.867,367.5372,0,0.142,0,0.9899,83.553,0,1,0,0,-0.9899,0,0.142,-1507.95,0,0,0,1
284.1207,84.0487,0,-1507.885,2.579824,2.579824,41.45754,-68.62318,0.25,-1842.867,367.802,0,0.1276,0,0.9918,84.0487,0,1,0,0,-0.9918,0,0.1276,-1507.885,0,0,0,1
284.1286,84.0487,0,-1507.885,2.579824,2.579824,41.45754,-68.62318,0.25,-1842.867,367.802,0,0.1276,0,0.9918,84.0487,0,1,0,0,-0.9918,0,0.1276,-1507.885,0,0,0,1
284.1399,84.29688,0,-1507.854,2.570869,2.570869,41.86405,-68.62318,0.25,-1842.867,367.9323,0,0.1204,0,0.9927,84.2969,0,1,0,0,-0.9927,0,0.1204,-1507.854,0,0,0,1
284.1508,84.79388,0,-1507.799,2.553867,2.553867,42.15335,-68.62318,0.25,-1842.867,368.1888,0,0.1058,0,0.9944,84.7939,0,1,0,0,-0.9944,0,0.1058,-1507.799,0,0,0,1
284.1623,85.04266,0,-1507.775,2.54475,2.54475,42.43534,-68.62318,0.25,-1842.867,368.3147,0,0.0984,0,0.9951,85.0427,0,1,0,0,-0.9951,0,0.0984,-1507.775,0,0,0,1
284.173,85.29163,0,-1507.752,2.537382,2.537382,42.7979,-68.62318,0.25,-1842.867,368.4391,0,0.091,0,0.9959,85.2916,0,1,0,0,-0.9959,0,0.091,-1507.752,0,0,0,1
284.1842,85.54076,0,-1507.731,2.531641,2.531641,43.11284,-68.62318,0.25,-1842.867,368.5621,0,0.0835,0,0.9965,85.5408,0,1,0,0,-0.9965,0,0.0835,-1507.731,0,0,0,1
284.1955,85.79003,0,-1507.712,2.522709,2.522709,43.49004,-68.62318,0.25,-1842.867,368.6834,0,0.0759,0,0.9971,85.79,0,1,0,0,-0.9971,0,0.0759,-1507.712,0,0,0,1
284.2064,86.03945,0,-1507.695,2.515291,2.515291,43.90387,-68.62318,0.25,-1842.867,368.8033,0,0.0683,0,0.9977,86.0395,0,1,0,0,-0.9977,0,0.0683,-1507.695,0,0,0,1
284.2175,86.28899,0,-1507.68,2.509744,2.509744,44.11993,-68.62318,0.25,-1842.867,368.9215,0,0.0606,0,0.9982,86.289,0,1,0,0,-0.9982,0,0.0606,-1507.68,0,0,0,1
284.2291,86.53864,0,-1507.667,2.504937,2.504937,44.33966,-68.62318,0.25,-1842.867,369.0382,0,0.0529,0,0.9986,86.5386,0,1,0,0,-0.9986,0,0.0529,-1507.667,0,0,0,1
284.2398,86.78839,0,-1507.656,2.497589,2.497589,44.55574,-68.62318,0.25,-1842.867,369.1533,0,0.0451,0,0.999,86.7884,0,1,0,0,-0.999,0,0.0451,-1507.656,0,0,0,1
284.2508,87.28811,0,-1507.639,2.488501,2.488501,44.6949,-68.62318,0.25,-1842.867,369.3788,0,0.0295,0,0.9996,87.2881,0,1,0,0,-0.9996,0,0.0295,-1507.639,0,0,0,1
284.2619,87.53805,0,-1507.634,2.484486,2.484486,44.79012,-68.62318,0.25,-1842.867,369.489,0,0.0217,0,0.9998,87.5381,0,1,0,0,-0.9998,0,0.0217,-1507.634,0,0,0,1
284.273,87.78802,0,-1507.63,2.479193,2.479193,44.86336,-68.62318,0.25,-1842.867,369.5976,0,0.0139,0,0.9999,87.788,0,1,0,0,-0.9999,0,0.0139,-1507.63,0,0,0,1
284.2841,88.03802,0,-1507.629,2.475771,2.475771,44.86336,-68.62318,0.25,-1842.867,369.7047,0,0.006,0,1,88.038,0,1,0,0,-1,0,0.006,-1507.629,0,0,0,1
284.2954,88.28802,0,-1507.629,2.474219,2.474219,44.86336,-68.62318,0.25,-1842.867,369.8101,0,-0.0018,0,1,88.288,0,1,0,0,-1,0,-0.0018,-1507.629,0,0,0,1
284.3066,88.538,0,-1507.632,2.470973,2.470973,44.8597,-68.62318,0.25,-1842.867,369.9138,0,-0.0096,0,1,88.538,0,1,0,0,-1,0,-0.0096,-1507.632,0,0,0,1
284.3174,88.78796,0,-1507.636,2.467613,2.467613,44.83772,-68.62318,0.25,-1842.867,370.0159,0,-0.0175,0,0.9998,88.788,0,1,0,0,-0.9998,0,-0.0175,-1507.636,0,0,0,1
284.3286,89.03789,0,-1507.643,2.466247,2.466247,44.8011,-68.62318,0.25,-1842.867,370.1164,0,-0.0253,0,0.9997,89.0379,0,1,0,0,-0.9997,0,-0.0253,-1507.643,0,0,0,1
284.3405,89.53754,0,-1507.661,2.463897,2.463897,44.71687,-68.62318,0.25,-1842.867,370.3125,0,-0.0409,0,0.9992,89.5375,0,1,0,0,-0.9992,0,-0.0409,-1507.661,0,0,0,1
284.3511,89.78725,0,-1507.673,2.462837,2.462837,44.55574,-68.62318,0.25,-1842.867,370.4079,0,-0.0486,0,0.9988,89.7873,0,1,0,0,-0.9988,0,-0.0486,-1507.673,0,0,0,1
284.3636,90.03685,0,-1507.688,2.463407,2.463407,44.31769,-68.62318,0.25,-1842.867,370.5018,0,-0.0564,0,0.9984,90.0369,0,1,0,0,-0.9984,0,-0.0564,-1507.688,0,0,0,1
284.3732,90.28634,0,-1507.703,2.464996,2.464996,44.1712,-68.62318,0.25,-1842.867,370.5941,0,-0.0641,0,0.9979,90.2863,0,1,0,0,-0.9979,0,-0.0641,-1507.703,0,0,0,1
284.3831,90.5357,0,-1507.721,2.463753,2.463753,43.96979,-68.62318,0.25,-1842.867,370.6848,0,-0.0717,0,0.9974,90.5357,0,1,0,0,-0.9974,0,-0.0717,-1507.721,0,0,0,1
284.3942,90.78491,0,-1507.741,2.464265,2.464265,43.73907,-68.62318,0.25,-1842.867,370.7738,0,-0.0793,0,0.9968,90.7849,0,1,0,0,-0.9968,0,-0.0793,-1507.741,0,0,0,1
284.4054,91.03397,0,-1507.763,2.466653,2.466653,43.44609,-68.62318,0.25,-1842.867,370.8612,0,-0.0869,0,0.9962,91.034,0,1,0,0,-0.9962,0,-0.0869,-1507.763,0,0,0,1
284.4164,91.28285,0,-1507.786,2.468771,2.468771,43.16045,-68.62318,0.25,-1842.867,370.947,0,-0.0944,0,0.9955,91.2829,0,1,0,0,-0.9955,0,-0.0944,-1507.786,0,0,0,1
284.4276,91.53156,0,-1507.812,2.469224,2.469224,42.82353,-68.62318,0.25,-1842.867,371.0311,0,-0.1018,0,0.9948,91.5316,0,1,0,0,-0.9948,0,-0.1018,-1507.812,0,0,0,1
284.4424,92.02837,0,-1507.868,2.47565,2.47565,42.39505,-68.62318,0.25,-1842.867,371.1945,0,-0.1165,0,0.9932,92.0284,0,1,0,0,-0.9932,0,-0.1165,-1507.868,0,0,0,1
284.4527,92.27644,0,-1507.899,2.478316,2.478316,42.03251,-68.62318,0.25,-1842.867,371.2738,0,-0.1238,0,0.9923,92.2764,0,1,0,0,-0.9923,0,-0.1238,-1507.899,0,0,0,1
284.4611,92.52428,0,-1507.932,2.480229,2.480229,41.73954,-68.62318,0.25,-1842.867,371.3516,0,-0.131,0,0.9914,92.5243,0,1,0,0,-0.9914,0,-0.131,-1507.932,0,0,0,1
284.4718,92.77187,0,-1507.967,2.484024,2.484024,41.50148,-68.62318,0.25,-1842.867,371.4278,0,-0.1382,0,0.9904,92.7719,0,1,0,0,-0.9904,0,-0.1382,-1507.967,0,0,0,1
284.4831,93.01921,0,-1508.003,2.489338,2.489338,41.13894,-68.62318,0.25,-1842.867,371.5025,0,-0.1453,0,0.9894,93.0192,0,1,0,0,-0.9894,0,-0.1453,-1508.003,0,0,0,1
284.4943,93.2663,0,-1508.041,2.492203,2.492203,40.83132,-68.62318,0.25,-1842.867,371.5755,0,-0.1524,0,0.9883,93.2663,0,1,0,0,-0.9883,0,-0.1524,-1508.041,0,0,0,1
284.5053,93.5131,0,-1508.081,2.495583,2.495583,40.47242,-68.62318,0.25,-1842.867,371.6471,0,-0.1594,0,0.9872,93.5131,0,1,0,0,-0.9872,0,-0.1594,-1508.081,0,0,0,1
284.5165,93.75962,0,-1508.123,2.500607,2.500607,40.1648,-68.62318,0.25,-1842.867,371.7171,0,-0.1663,0,0.9861,93.7596,0,1,0,0,-0.9861,0,-0.1663,-1508.123,0,0,0,1
284.5276,94.00584,0,-1508.166,2.507162,2.507162,39.82055,-68.62318,0.25,-1842.867,371.7856,0,-0.1731,0,0.9849,94.0058,0,1,0,0,-0.9849,0,-0.1731,-1508.166,0,0,0,1
284.5389,94.25176,0,-1508.211,2.510122,2.510122,39.42138,-68.62318,0.25,-1842.867,371.8526,0,-0.1799,0,0.9837,94.2518,0,1,0,0,-0.9837,0,-0.1799,-1508.211,0,0,0,1
284.5497,94.49738,0,-1508.257,2.514366,2.514366,39.22363,-68.62318,0.25,-1842.867,371.9182,0,-0.1866,0,0.9824,94.4974,0,1,0,0,-0.9824,0,-0.1866,-1508.257,0,0,0,1
284.5609,94.9876,0,-1508.356,2.52683,2.52683,38.95995,-68.62318,0.25,-1842.867,372.0448,0,-0.2,0,0.9798,94.9876,0,1,0,0,-0.9798,0,-0.2,-1508.356,0,0,0,1
284.5721,95.23221,0,-1508.407,2.530654,2.530654,38.67063,-68.62318,0.25,-1842.867,372.1059,0,-0.2066,0,0.9784,95.2322,0,1,0,0,-0.9784,0,-0.2066,-1508.407,0,0,0,1
284.5829,95.47646,0,-1508.461,2.535889,2.535889,38.38132,-68.62318,0.25,-1842.867,372.1656,0,-0.2131,0,0.977,95.4765,0,1,0,0,-0.977,0,-0.2131,-1508.461,0,0,0,1
284.5942,95.72036,0,-1508.516,2.543028,2.543028,38.13963,-68.62318,0.25,-1842.867,372.2237,0,-0.2196,0,0.9756,95.7204,0,1,0,0,-0.9756,0,-0.2196,-1508.516,0,0,0,1
284.6055,95.96389,0,-1508.572,2.548791,2.548791,37.78805,-68.62318,0.25,-1842.867,372.2804,0,-0.2261,0,0.9741,95.9639,0,1,0,0,-0.9741,0,-0.2261,-1508.572,0,0,0,1
284.6164,96.20705,0,-1508.63,2.553489,2.553489,37.59029,-68.62318,0.25,-1842.867,372.3357,0,-0.2324,0,0.9726,96.2071,0,1,0,0,-0.9726,0,-0.2324,-1508.63,0,0,0,1
284.6276,96.44981,0,-1508.69,2.559725,2.559725,37.2607,-68.62318,0.25,-1842.867,372.3895,0,-0.2388,0,0.9711,96.4498,0,1,0,0,-0.9711,0,-0.2388,-1508.69,0,0,0,1
284.6387,96.6922,0,-1508.751,2.567382,2.567382,36.94209,-68.62318,0.25,-1842.867,372.4419,0,-0.245,0,0.9695,96.6922,0,1,0,0,-0.9695,0,-0.245,-1508.751,0,0,0,1
284.6496,96.93417,0,-1508.814,2.572466,2.572466,36.65644,-68.62318,0.25,-1842.867,372.493,0,-0.2512,0,0.9679,96.9342,0,1,0,0,-0.9679,0,-0.2512,-1508.814,0,0,0,1
284.6608,97.41692,0,-1508.944,2.58455,2.58455,36.35249,-68.62318,0.25,-1842.867,372.5908,0,-0.2635,0,0.9647,97.4169,0,1,0,0,-0.9647,0,-0.2635,-1508.944,0,0,0,1
284.6723,97.65767,0,-1509.012,2.59285,2.59285,35.97894,-68.62318,0.25,-1842.867,372.6377,0,-0.2695,0,0.963,97.6577,0,1,0,0,-0.963,0,-0.2695,-1509.012,0,0,0,1
284.6831,97.89799,0,-1509.08,2.597039,2.597039,35.57244,-68.62318,0.25,-1842.867,372.6833,0,-0.2755,0,0.9613,97.898,0,1,0,0,-0.9613,0,-0.2755,-1509.08,0,0,0,1
284.695,98.13789,0,-1509.151,2.602885,2.602885,35.19158,-68.62318,0.25,-1842.867,372.7274,0,-0.2814,0,0.9596,98.1379,0,1,0,0,-0.9596,0,-0.2814,-1509.151,0,0,0,1
284.7058,98.37736,0,-1509.223,2.609915,2.609915,34.50309,-68.62318,0.25,-1842.867,372.7702,0,-0.2872,0,0.9579,98.3774,0,1,0,0,-0.9579,0,-0.2872,-1509.223,0,0,0,1
284.717,98.61639,0,-1509.296,2.617474,2.617474,34.23576,-68.62318,0.25,-1842.867,372.8116,0,-0.2929,0,0.9561,98.6164,0,1,0,0,-0.9561,0,-0.2929,-1509.296,0,0,0,1
284.7275,98.855,0,-1509.37,2.621656,2.621656,33.6315,-68.62318,0.25,-1842.867,372.852,0,-0.2985,0,0.9544,98.855,0,1,0,0,-0.9544,0,-0.2985,-1509.37,0,0,0,1
284.7388,99.09315,0,-1509.446,2.627522,2.627522,32.98695,-68.62318,0.25,-1842.867,372.891,0,-0.304,0,0.9527,99.0932,0,1,0,0,-0.9527,0,-0.304,-1509.446,0,0,0,1
284.7499,99.33089,0,-1509.524,2.6347,2.6347,32.43763,-68.62318,0.25,-1842.867,372.9286,0,-0.3094,0,0.9509,99.3309,0,1,0,0,-0.9509,0,-0.3094,-1509.524,0,0,0,1
284.7612,99.80506,0,-1509.682,2.644821,2.644821,31.75647,-68.62318,0.25,-1842.867,373.0006,0,-0.3199,0,0.9475,99.8051,0,1,0,0,-0.9475,0,-0.3199,-1509.682,0,0,0,1
284.7756,100.0415,0,-1509.764,2.650445,2.650445,30.92516,-68.62318,0.25,-1842.867,373.0347,0,-0.325,0,0.9457,100.0415,0,1,0,0,-0.9457,0,-0.325,-1509.764,0,0,0,1
284.7863,100.2775,0,-1509.846,2.657148,2.657148,30.34286,-68.62318,0.25,-1842.867,373.0677,0,-0.33,0,0.944,100.2775,0,1,0,0,-0.944,0,-0.33,-1509.846,0,0,0,1
284.795,100.513,0,-1509.93,2.661304,2.661304,29.62509,-68.62318,0.25,-1842.867,373.0996,0,-0.3349,0,0.9423,100.513,0,1,0,0,-0.9423,0,-0.3349,-1509.93,0,0,0,1
284.806,100.7482,0,-1510.015,2.664983,2.664983,29.16731,-68.62318,0.25,-1842.867,373.1303,0,-0.3397,0,0.9405,100.7482,0,1,0,0,-0.9405,0,-0.3397,-1510.015,0,0,0,1
284.8173,100.9829,0,-1510.101,2.669856,2.669856,28.45319,-68.62318,0.25,-1842.867,373.1601,0,-0.3443,0,0.9388,100.9829,0,1,0,0,-0.9388,0,-0.3443,-1510.101,0,0,0,1
284.8285,101.2172,0,-1510.188,2.675812,2.675812,27.85626,-68.62318,0.25,-1842.867,373.1887,0,-0.3489,0,0.9372,101.2172,0,1,0,0,-0.9372,0,-0.3489,-1510.188,0,0,0,1
284.8395,101.4511,0,-1510.277,2.677744,2.677744,27.15679,-68.62318,0.25,-1842.867,373.2164,0,-0.3533,0,0.9355,101.4511,0,1,0,0,-0.9355,0,-0.3533,-1510.277,0,0,0,1
284.8508,101.9176,0,-1510.457,2.68412,2.68412,26.58182,-68.62318,0.25,-1842.867,373.2687,0,-0.362,0,0.9322,101.9176,0,1,0,0,-0.9322,0,-0.362,-1510.457,0,0,0,1
284.8617,102.1502,0,-1510.548,2.687804,2.687804,25.90799,-68.62318,0.25,-1842.867,373.2935,0,-0.3662,0,0.9305,102.1502,0,1,0,0,-0.9305,0,-0.3662,-1510.548,0,0,0,1
284.8729,102.3824,0,-1510.641,2.688165,2.688165,25.11696,-68.62318,0.25,-1842.867,373.3173,0,-0.3703,0,0.9289,102.3824,0,1,0,0,-0.9289,0,-0.3703,-1510.641,0,0,0,1
284.8838,102.6142,0,-1510.734,2.689504,2.689504,24.6775,-68.62318,0.25,-1842.867,373.3402,0,-0.3743,0,0.9273,102.6142,0,1,0,0,-0.9273,0,-0.3743,-1510.734,0,0,0,1
284.895,102.8457,0,-1510.829,2.691914,2.691914,24.15015,-68.62318,0.25,-1842.867,373.3622,0,-0.3782,0,0.9257,102.8457,0,1,0,0,-0.9257,0,-0.3782,-1510.829,0,0,0,1
284.9064,103.0767,0,-1510.924,2.692599,2.692599,23.50927,-68.62318,0.25,-1842.867,373.3834,0,-0.382,0,0.9242,103.0767,0,1,0,0,-0.9242,0,-0.382,-1510.924,0,0,0,1
284.9172,103.3074,0,-1511.021,2.691347,2.691347,22.8867,-68.62318,0.25,-1842.867,373.4037,0,-0.3857,0,0.9226,103.3074,0,1,0,0,-0.9226,0,-0.3857,-1511.021,0,0,0,1
284.9285,103.5377,0,-1511.118,2.690935,2.690935,22.33738,-68.62318,0.25,-1842.867,373.4233,0,-0.3893,0,0.9211,103.5377,0,1,0,0,-0.9211,0,-0.3893,-1511.118,0,0,0,1
284.9395,103.7676,0,-1511.216,2.691361,2.691361,21.561,-68.62318,0.25,-1842.867,373.4421,0,-0.3927,0,0.9196,103.7676,0,1,0,0,-0.9196,0,-0.3927,-1511.216,0,0,0,1
284.9504,104.2263,0,-1511.415,2.685318,2.685318,21.11056,-68.62318,0.25,-1842.867,373.4774,0,-0.3995,0,0.9167,104.2263,0,1,0,0,-0.9167,0,-0.3995,-1511.415,0,0,0,1
284.9619,104.4551,0,-1511.516,2.682856,2.682856,20.46601,-68.62318,0.25,-1842.867,373.4939,0,-0.4028,0,0.9153,104.4551,0,1,0,0,-0.9153,0,-0.4028,-1511.516,0,0,0,1
284.9728,104.6836,0,-1511.617,2.681002,2.681002,19.83245,-68.62318,0.25,-1842.867,373.5098,0,-0.4059,0,0.9139,104.6836,0,1,0,0,-0.9139,0,-0.4059,-1511.617,0,0,0,1
284.984,104.9117,0,-1511.719,2.67475,2.67475,19.27948,-68.62318,0.25,-1842.867,373.5249,0,-0.409,0,0.9125,104.9117,0,1,0,0,-0.9125,0,-0.409,-1511.719,0,0,0,1
284.9949,105.1395,0,-1511.823,2.669087,2.669087,18.62761,-68.62318,0.25,-1842.867,373.5394,0,-0.412,0,0.9112,105.1395,0,1,0,0,-0.9112,0,-0.412,-1511.823,0,0,0,1
285.0062,105.367,0,-1511.926,2.664033,2.664033,18.07827,-68.62318,0.25,-1842.867,373.5533,0,-0.4149,0,0.9099,105.367,0,1,0,0,-0.9099,0,-0.4149,-1511.926,0,0,0,1
285.0173,105.5941,0,-1512.031,2.658385,2.658385,17.43374,-68.62318,0.25,-1842.867,373.5667,0,-0.4176,0,0.9086,105.5941,0,1,0,0,-0.9086,0,-0.4176,-1512.031,0,0,0,1
285.0282,105.821,0,-1512.136,2.649312,2.649312,16.88807,-68.62318,0.25,-1842.867,373.5793,0,-0.4203,0,0.9074,105.821,0,1,0,0,-0.9074,0,-0.4203,-1512.136,0,0,0,1
285.0393,106.0475,0,-1512.241,2.640703,2.640703,16.11169,-68.62318,0.25,-1842.867,373.5915,0,-0.4229,0,0.9062,106.0475,0,1,0,0,-0.9062,0,-0.4229,-1512.241,0,0,0,1
285.0504,106.4998,0,-1512.455,2.622914,2.622914,15.65393,-68.62318,0.25,-1842.867,373.6144,0,-0.4278,0,0.9039,106.4998,0,1,0,0,-0.9039,0,-0.4278,-1512.455,0,0,0,1
285.0616,106.7254,0,-1512.562,2.61065,2.61065,14.96178,-68.62318,0.25,-1842.867,373.6251,0,-0.4302,0,0.9028,106.7254,0,1,0,0,-0.9028,0,-0.4302,-1512.562,0,0,0,1
285.0727,106.9509,0,-1512.67,2.598987,2.598987,14.2623,-68.62318,0.25,-1842.867,373.6353,0,-0.4324,0,0.9017,106.9509,0,1,0,0,-0.9017,0,-0.4324,-1512.67,0,0,0,1
285.0837,107.176,0,-1512.779,2.58779,2.58779,13.6434,-68.62318,0.25,-1842.867,373.6451,0,-0.4345,0,0.9006,107.176,0,1,0,0,-0.9006,0,-0.4345,-1512.779,0,0,0,1
285.095,107.4009,0,-1512.888,2.575451,2.575451,13.01717,-68.62318,0.25,-1842.867,373.6545,0,-0.4366,0,0.8997,107.4009,0,1,0,0,-0.8997,0,-0.4366,-1512.888,0,0,0,1
285.1091,107.6256,0,-1512.998,2.562482,2.562482,12.24811,-68.62318,0.25,-1842.867,373.6635,0,-0.4385,0,0.8987,107.6256,0,1,0,0,-0.8987,0,-0.4385,-1512.998,0,0,0,1
285.1203,108.0743,0,-1513.218,2.538065,2.538065,11.3582,-68.62318,0.25,-1842.867,373.6806,0,-0.4421,0,0.897,108.0743,0,1,0,0,-0.897,0,-0.4421,-1513.218,0,0,0,1
285.1288,108.0743,0,-1513.218,2.538065,2.538065,11.3582,-68.62318,0.25,-1842.867,373.6806,0,-0.4421,0,0.897,108.0743,0,1,0,0,-0.897,0,-0.4421,-1513.218,0,0,0,1
285.1394,108.2984,0,-1513.329,2.526625,2.526625,10.06546,-68.62318,0.25,-1842.867,373.6887,0,-0.4436,0,0.8962,108.2984,0,1,0,0,-0.8962,0,-0.4436,-1513.329,0,0,0,1
285.1507,108.7459,0,-1513.552,2.504975,2.504975,9.446554,-68.62318,0.25,-1842.867,373.7041,0,-0.4466,0,0.8947,108.7459,0,1,0,0,-0.8947,0,-0.4466,-1513.552,0,0,0,1
285.1619,108.9694,0,-1513.664,2.494645,2.494645,8.754401,-68.62318,0.25,-1842.867,373.7115,0,-0.448,0,0.894,108.9694,0,1,0,0,-0.894,0,-0.448,-1513.664,0,0,0,1
285.173,109.1928,0,-1513.777,2.484609,2.484609,8.098884,-68.62318,0.25,-1842.867,373.7188,0,-0.4492,0,0.8934,109.1928,0,1,0,0,-0.8934,0,-0.4492,-1513.777,0,0,0,1
285.1839,109.416,0,-1513.889,2.474971,2.474971,7.589836,-68.62318,0.25,-1842.867,373.7259,0,-0.4504,0,0.8928,109.416,0,1,0,0,-0.8928,0,-0.4504,-1513.889,0,0,0,1
285.1951,109.6391,0,-1514.002,2.465639,2.465639,6.99656,-68.62318,0.25,-1842.867,373.7328,0,-0.4515,0,0.8923,109.6391,0,1,0,0,-0.8923,0,-0.4515,-1514.002,0,0,0,1
285.2064,109.862,0,-1514.115,2.456687,2.456687,6.392312,-68.62318,0.25,-1842.867,373.7395,0,-0.4525,0,0.8918,109.862,0,1,0,0,-0.8918,0,-0.4525,-1514.115,0,0,0,1
285.2173,110.0848,0,-1514.229,2.447908,2.447908,6.077356,-68.62318,0.25,-1842.867,373.7462,0,-0.4534,0,0.8913,110.0848,0,1,0,0,-0.8913,0,-0.4534,-1514.229,0,0,0,1
285.2285,110.3075,0,-1514.342,2.439272,2.439272,5.71847,-68.62318,0.25,-1842.867,373.7529,0,-0.4543,0,0.8908,110.3075,0,1,0,0,-0.8908,0,-0.4543,-1514.342,0,0,0,1
285.2397,110.5301,0,-1514.456,2.431024,2.431024,5.3193,-68.62318,0.25,-1842.867,373.7595,0,-0.4552,0,0.8904,110.5301,0,1,0,0,-0.8904,0,-0.4552,-1514.456,0,0,0,1
285.2505,110.9751,0,-1514.684,2.415006,2.415006,5.022655,-68.62318,0.25,-1842.867,373.7724,0,-0.4567,0,0.8896,110.9751,0,1,0,0,-0.8896,0,-0.4567,-1514.684,0,0,0,1
285.2617,111.1974,0,-1514.798,2.407447,2.407447,4.689403,-68.62318,0.25,-1842.867,373.7788,0,-0.4574,0,0.8892,111.1974,0,1,0,0,-0.8892,0,-0.4574,-1514.798,0,0,0,1
285.2728,111.4196,0,-1514.913,2.399792,2.399792,4.33784,-68.62318,0.25,-1842.867,373.7854,0,-0.4581,0,0.8889,111.4196,0,1,0,0,-0.8889,0,-0.4581,-1514.913,0,0,0,1
285.284,111.6417,0,-1515.028,2.392779,2.392779,4.165707,-68.62318,0.25,-1842.867,373.7916,0,-0.4588,0,0.8886,111.6417,0,1,0,0,-0.8886,0,-0.4588,-1515.028,0,0,0,1
285.2948,111.8638,0,-1515.143,2.385665,2.385665,3.92767,-68.62318,0.25,-1842.867,373.7979,0,-0.4594,0,0.8882,111.8638,0,1,0,0,-0.8882,0,-0.4594,-1515.143,0,0,0,1
285.3061,112.0858,0,-1515.258,2.378692,2.378692,3.751888,-68.62318,0.25,-1842.867,373.8043,0,-0.46,0,0.8879,112.0858,0,1,0,0,-0.8879,0,-0.46,-1515.258,0,0,0,1
285.3174,112.3077,0,-1515.373,2.37173,2.37173,3.565121,-68.62318,0.25,-1842.867,373.8108,0,-0.4605,0,0.8877,112.3077,0,1,0,0,-0.8877,0,-0.4605,-1515.373,0,0,0,1
285.3282,112.5295,0,-1515.488,2.36517,2.36517,3.425961,-68.62318,0.25,-1842.867,373.8172,0,-0.461,0,0.8874,112.5295,0,1,0,0,-0.8874,0,-0.461,-1515.488,0,0,0,1
285.3394,112.7513,0,-1515.603,2.358621,2.358621,3.283138,-68.62318,0.25,-1842.867,373.8236,0,-0.4616,0,0.8871,112.7513,0,1,0,0,-0.8871,0,-0.4616,-1515.603,0,0,0,1
285.3505,113.1947,0,-1515.834,2.346045,2.346045,3.176923,-68.62318,0.25,-1842.867,373.8366,0,-0.4625,0,0.8866,113.1947,0,1,0,0,-0.8866,0,-0.4625,-1515.834,0,0,0,1
285.3618,113.4163,0,-1515.95,2.339938,2.339938,3.078046,-68.62318,0.25,-1842.867,373.8431,0,-0.463,0,0.8864,113.4163,0,1,0,0,-0.8864,0,-0.463,-1515.95,0,0,0,1
285.373,113.6378,0,-1516.066,2.334056,2.334056,2.968183,-68.62318,0.25,-1842.867,373.8496,0,-0.4635,0,0.8861,113.6378,0,1,0,0,-0.8861,0,-0.4635,-1516.066,0,0,0,1
285.3838,113.8593,0,-1516.182,2.328071,2.328071,2.935224,-68.62318,0.25,-1842.867,373.8564,0,-0.4639,0,0.8859,113.8593,0,1,0,0,-0.8859,0,-0.4639,-1516.182,0,0,0,1
285.3947,114.0807,0,-1516.298,2.322351,2.322351,2.872968,-68.62318,0.25,-1842.867,373.863,0,-0.4644,0,0.8856,114.0807,0,1,0,0,-0.8856,0,-0.4644,-1516.298,0,0,0,1
285.406,114.302,0,-1516.414,2.316877,2.316877,2.847333,-68.62318,0.25,-1842.867,373.8697,0,-0.4648,0,0.8854,114.302,0,1,0,0,-0.8854,0,-0.4648,-1516.414,0,0,0,1
285.4174,114.5233,0,-1516.531,2.31143,2.31143,2.82536,-68.62318,0.25,-1842.867,373.8764,0,-0.4652,0,0.8852,114.5233,0,1,0,0,-0.8852,0,-0.4652,-1516.531,0,0,0,1
285.4283,114.7446,0,-1516.647,2.306127,2.306127,2.821698,-68.62318,0.25,-1842.867,373.8831,0,-0.4657,0,0.885,114.7446,0,1,0,0,-0.885,0,-0.4657,-1516.647,0,0,0,1
285.4422,115.1869,0,-1516.88,2.295803,2.295803,2.821698,-68.62318,0.25,-1842.867,373.8968,0,-0.4666,0,0.8845,115.1869,0,1,0,0,-0.8845,0,-0.4666,-1516.88,0,0,0,1
285.4537,115.4079,0,-1516.997,2.290787,2.290787,2.821698,-68.62318,0.25,-1842.867,373.9038,0,-0.467,0,0.8843,115.4079,0,1,0,0,-0.8843,0,-0.467,-1516.997,0,0,0,1
285.4616,115.6289,0,-1517.114,2.285908,2.285908,2.821698,-68.62318,0.25,-1842.867,373.9108,0,-0.4674,0,0.884,115.6289,0,1,0,0,-0.884,0,-0.4674,-1517.114,0,0,0,1
285.4726,115.8499,0,-1517.231,2.281164,2.281164,2.821698,-68.62318,0.25,-1842.867,373.9178,0,-0.4679,0,0.8838,115.8499,0,1,0,0,-0.8838,0,-0.4679,-1517.231,0,0,0,1
285.4836,116.0708,0,-1517.348,2.276565,2.276565,2.821698,-68.62318,0.25,-1842.867,373.9248,0,-0.4683,0,0.8836,116.0708,0,1,0,0,-0.8836,0,-0.4683,-1517.348,0,0,0,1
285.4954,116.2916,0,-1517.465,2.272101,2.272101,2.821698,-68.62318,0.25,-1842.867,373.9319,0,-0.4687,0,0.8833,116.2916,0,1,0,0,-0.8833,0,-0.4687,-1517.465,0,0,0,1
285.506,116.5124,0,-1517.582,2.267774,2.267774,2.821698,-68.62318,0.25,-1842.867,373.939,0,-0.4692,0,0.8831,116.5124,0,1,0,0,-0.8831,0,-0.4692,-1517.582,0,0,0,1
285.5169,116.7331,0,-1517.7,2.263584,2.263584,2.821698,-68.62318,0.25,-1842.867,373.9461,0,-0.4696,0,0.8829,116.7331,0,1,0,0,-0.8829,0,-0.4696,-1517.7,0,0,0,1
285.528,116.9538,0,-1517.817,2.259533,2.259533,2.821698,-68.62318,0.25,-1842.867,373.9533,0,-0.47,0,0.8826,116.9538,0,1,0,0,-0.8826,0,-0.47,-1517.817,0,0,0,1
285.5393,117.1744,0,-1517.935,2.255615,2.255615,2.821698,-68.62318,0.25,-1842.867,373.9605,0,-0.4705,0,0.8824,117.1744,0,1,0,0,-0.8824,0,-0.4705,-1517.935,0,0,0,1
285.5503,117.6154,0,-1518.17,2.247942,2.247942,2.821698,-68.62318,0.25,-1842.867,373.9752,0,-0.4713,0,0.882,117.6154,0,1,0,0,-0.882,0,-0.4713,-1518.17,0,0,0,1
285.5613,117.8358,0,-1518.288,2.244316,2.244316,2.821698,-68.62318,0.25,-1842.867,373.9826,0,-0.4718,0,0.8817,117.8358,0,1,0,0,-0.8817,0,-0.4718,-1518.288,0,0,0,1
285.5725,118.0562,0,-1518.406,2.240825,2.240825,2.821698,-68.62318,0.25,-1842.867,373.9901,0,-0.4722,0,0.8815,118.0562,0,1,0,0,-0.8815,0,-0.4722,-1518.406,0,0,0,1
285.5836,118.2765,0,-1518.524,2.237475,2.237475,2.821698,-68.62318,0.25,-1842.867,373.9975,0,-0.4726,0,0.8813,118.2765,0,1,0,0,-0.8813,0,-0.4726,-1518.524,0,0,0,1
285.5947,118.4968,0,-1518.643,2.234287,2.234287,2.821698,-68.62318,0.25,-1842.867,374.0049,0,-0.4731,0,0.881,118.4968,0,1,0,0,-0.881,0,-0.4731,-1518.643,0,0,0,1
285.6058,118.717,0,-1518.761,2.231187,2.231187,2.821698,-68.62318,0.25,-1842.867,374.0126,0,-0.4735,0,0.8808,118.717,0,1,0,0,-0.8808,0,-0.4735,-1518.761,0,0,0,1
285.6172,118.9371,0,-1518.88,2.228151,2.228151,2.821698,-68.62318,0.25,-1842.867,374.0201,0,-0.4739,0,0.8806,118.9371,0,1,0,0,-0.8806,0,-0.4739,-1518.88,0,0,0,1
285.6282,119.1572,0,-1518.998,2.225357,2.225357,2.821698,-68.62318,0.25,-1842.867,374.0277,0,-0.4744,0,0.8803,119.1572,0,1,0,0,-0.8803,0,-0.4744,-1518.998,0,0,0,1
285.6392,119.3772,0,-1519.117,2.222563,2.222563,2.821698,-68.62318,0.25,-1842.867,374.0355,0,-0.4748,0,0.8801,119.3772,0,1,0,0,-0.8801,0,-0.4748,-1519.117,0,0,0,1
285.6503,119.8171,0,-1519.355,2.217389,2.217389,2.821698,-68.62318,0.25,-1842.867,374.0511,0,-0.4757,0,0.8796,119.8171,0,1,0,0,-0.8796,0,-0.4757,-1519.355,0,0,0,1
285.6615,120.0369,0,-1519.474,2.215015,2.215015,2.821698,-68.62318,0.25,-1842.867,374.0589,0,-0.4761,0,0.8794,120.0369,0,1,0,0,-0.8794,0,-0.4761,-1519.474,0,0,0,1
285.6725,120.2567,0,-1519.593,2.212675,2.212675,2.821698,-68.62318,0.25,-1842.867,374.0667,0,-0.4765,0,0.8792,120.2567,0,1,0,0,-0.8792,0,-0.4765,-1519.593,0,0,0,1
285.6835,120.4764,0,-1519.712,2.210707,2.210707,2.821698,-68.62318,0.25,-1842.867,374.0745,0,-0.477,0,0.8789,120.4764,0,1,0,0,-0.8789,0,-0.477,-1519.712,0,0,0,1
285.6947,120.6961,0,-1519.831,2.208613,2.208613,2.821698,-68.62318,0.25,-1842.867,374.0826,0,-0.4774,0,0.8787,120.6961,0,1,0,0,-0.8787,0,-0.4774,-1519.831,0,0,0,1
285.7058,120.9157,0,-1519.951,2.206793,2.206793,2.821698,-68.62318,0.25,-1842.867,374.0905,0,-0.4778,0,0.8784,120.9157,0,1,0,0,-0.8784,0,-0.4778,-1519.951,0,0,0,1
285.7168,121.1353,0,-1520.07,2.204979,2.204979,2.821698,-68.62318,0.25,-1842.867,374.0986,0,-0.4783,0,0.8782,121.1353,0,1,0,0,-0.8782,0,-0.4783,-1520.07,0,0,0,1
285.7281,121.3548,0,-1520.19,2.203302,2.203302,2.821698,-68.62318,0.25,-1842.867,374.1068,0,-0.4787,0,0.878,121.3548,0,1,0,0,-0.878,0,-0.4787,-1520.19,0,0,0,1
285.7391,121.5742,0,-1520.31,2.201773,2.201773,2.821698,-68.62318,0.25,-1842.867,374.1149,0,-0.4791,0,0.8777,121.5742,0,1,0,0,-0.8777,0,-0.4791,-1520.31,0,0,0,1
285.7501,122.0129,0,-1520.55,2.199137,2.199137,2.821698,-68.62318,0.25,-1842.867,374.1312,0,-0.48,0,0.8773,122.0129,0,1,0,0,-0.8773,0,-0.48,-1520.55,0,0,0,1
285.7614,122.2322,0,-1520.67,2.197885,2.197885,2.821698,-68.62318,0.25,-1842.867,374.1396,0,-0.4804,0,0.877,122.2322,0,1,0,0,-0.877,0,-0.4804,-1520.67,0,0,0,1
285.7754,122.4514,0,-1520.79,2.196889,2.196889,2.821698,-68.62318,0.25,-1842.867,374.1479,0,-0.4809,0,0.8768,122.4514,0,1,0,0,-0.8768,0,-0.4809,-1520.79,0,0,0,1
285.7862,122.6705,0,-1520.91,2.196045,2.196045,2.821698,-68.62318,0.25,-1842.867,374.1562,0,-0.4813,0,0.8766,122.6705,0,1,0,0,-0.8766,0,-0.4813,-1520.91,0,0,0,1
285.7953,122.8896,0,-1521.031,2.195341,2.195341,2.821698,-68.62318,0.25,-1842.867,374.1646,0,-0.4817,0,0.8763,122.8896,0,1,0,0,-0.8763,0,-0.4817,-1521.031,0,0,0,1
285.8056,123.1086,0,-1521.151,2.194534,2.194534,2.821698,-68.62318,0.25,-1842.867,374.173,0,-0.4822,0,0.8761,123.1086,0,1,0,0,-0.8761,0,-0.4822,-1521.151,0,0,0,1
285.8168,123.3276,0,-1521.272,2.193974,2.193974,2.821698,-68.62318,0.25,-1842.867,374.1816,0,-0.4826,0,0.8758,123.3276,0,1,0,0,-0.8758,0,-0.4826,-1521.272,0,0,0,1
285.8277,123.5465,0,-1521.393,2.193554,2.193554,2.821698,-68.62318,0.25,-1842.867,374.1901,0,-0.483,0,0.8756,123.5465,0,1,0,0,-0.8756,0,-0.483,-1521.393,0,0,0,1
285.839,123.7653,0,-1521.514,2.19327,2.19327,2.821698,-68.62318,0.25,-1842.867,374.1987,0,-0.4835,0,0.8754,123.7653,0,1,0,0,-0.8754,0,-0.4835,-1521.514,0,0,0,1
285.8501,124.2028,0,-1521.756,2.19313,2.19313,2.821698,-68.62318,0.25,-1842.867,374.216,0,-0.4843,0,0.8749,124.2028,0,1,0,0,-0.8749,0,-0.4843,-1521.756,0,0,0,1
285.861,124.4215,0,-1521.877,2.193259,2.193259,2.821698,-68.62318,0.25,-1842.867,374.2246,0,-0.4847,0,0.8747,124.4215,0,1,0,0,-0.8747,0,-0.4847,-1521.877,0,0,0,1
285.8723,124.6401,0,-1521.998,2.193532,2.193532,2.821698,-68.62318,0.25,-1842.867,374.2333,0,-0.4852,0,0.8744,124.6401,0,1,0,0,-0.8744,0,-0.4852,-1521.998,0,0,0,1
285.8832,124.8586,0,-1522.12,2.19383,2.19383,2.821698,-68.62318,0.25,-1842.867,374.2421,0,-0.4856,0,0.8742,124.8586,0,1,0,0,-0.8742,0,-0.4856,-1522.12,0,0,0,1
285.8943,125.0771,0,-1522.241,2.19411,2.19411,2.821698,-68.62318,0.25,-1842.867,374.2511,0,-0.486,0,0.8739,125.0771,0,1,0,0,-0.8739,0,-0.486,-1522.241,0,0,0,1
285.9056,125.2955,0,-1522.363,2.194796,2.194796,2.821698,-68.62318,0.25,-1842.867,374.2599,0,-0.4865,0,0.8737,125.2955,0,1,0,0,-0.8737,0,-0.4865,-1522.363,0,0,0,1
285.9167,125.5139,0,-1522.484,2.195493,2.195493,2.821698,-68.62318,0.25,-1842.867,374.2688,0,-0.4869,0,0.8735,125.5139,0,1,0,0,-0.8735,0,-0.4869,-1522.484,0,0,0,1
285.9276,125.7322,0,-1522.606,2.196326,2.196326,2.821698,-68.62318,0.25,-1842.867,374.2778,0,-0.4873,0,0.8732,125.7322,0,1,0,0,-0.8732,0,-0.4873,-1522.606,0,0,0,1
285.939,125.9505,0,-1522.728,2.197295,2.197295,2.821698,-68.62318,0.25,-1842.867,374.2868,0,-0.4878,0,0.873,125.9505,0,1,0,0,-0.873,0,-0.4878,-1522.728,0,0,0,1
285.9499,126.1687,0,-1522.85,2.198408,2.198408,2.821698,-68.62318,0.25,-1842.867,374.2958,0,-0.4882,0,0.8727,126.1687,0,1,0,0,-0.8727,0,-0.4882,-1522.85,0,0,0,1
285.961,126.6048,0,-1523.095,2.200936,2.200936,2.821698,-68.62318,0.25,-1842.867,374.314,0,-0.489,0,0.8723,126.6048,0,1,0,0,-0.8723,0,-0.489,-1523.095,0,0,0,1
285.9721,126.8228,0,-1523.217,2.202337,2.202337,2.821698,-68.62318,0.25,-1842.867,374.3232,0,-0.4895,0,0.872,126.8228,0,1,0,0,-0.872,0,-0.4895,-1523.217,0,0,0,1
285.9832,127.0408,0,-1523.339,2.203866,2.203866,2.818036,-68.62318,0.25,-1842.867,374.3325,0,-0.4899,0,0.8718,127.0408,0,1,0,0,-0.8718,0,-0.4899,-1523.339,0,0,0,1
285.9944,127.2587,0,-1523.462,2.205539,2.205539,2.799726,-68.62318,0.25,-1842.867,374.3418,0,-0.4903,0,0.8715,127.2587,0,1,0,0,-0.8715,0,-0.4903,-1523.462,0,0,0,1
286.0054,127.4765,0,-1523.585,2.20725,2.20725,2.774091,-68.62318,0.25,-1842.867,374.3511,0,-0.4908,0,0.8713,127.4765,0,1,0,0,-0.8713,0,-0.4908,-1523.585,0,0,0,1
286.0167,127.6943,0,-1523.708,2.209185,2.209185,2.744794,-68.62318,0.25,-1842.867,374.3604,0,-0.4912,0,0.8711,127.6943,0,1,0,0,-0.8711,0,-0.4912,-1523.708,0,0,0,1
286.0279,127.912,0,-1523.83,2.211274,2.211274,2.675214,-68.62318,0.25,-1842.867,374.3698,0,-0.4916,0,0.8708,127.912,0,1,0,0,-0.8708,0,-0.4916,-1523.83,0,0,0,1
286.039,128.1296,0,-1523.953,2.213497,2.213497,2.579999,-68.62318,0.25,-1842.867,374.3792,0,-0.492,0,0.8706,128.1296,0,1,0,0,-0.8706,0,-0.492,-1523.953,0,0,0,1
286.0504,128.5648,0,-1524.2,2.218093,2.218093,2.528729,-68.62318,0.25,-1842.867,374.3984,0,-0.4927,0,0.8702,128.5648,0,1,0,0,-0.8702,0,-0.4927,-1524.2,0,0,0,1
286.061,128.7823,0,-1524.323,2.220606,2.220606,2.429852,-68.62318,0.25,-1842.867,374.4081,0,-0.4931,0,0.87,128.7823,0,1,0,0,-0.87,0,-0.4931,-1524.323,0,0,0,1
286.0722,128.9997,0,-1524.447,2.223378,2.223378,2.334623,-68.62318,0.25,-1842.867,374.4176,0,-0.4935,0,0.8698,128.9997,0,1,0,0,-0.8698,0,-0.4935,-1524.447,0,0,0,1
286.0831,129.2171,0,-1524.57,2.22577,2.22577,2.199125,-68.62318,0.25,-1842.867,374.4276,0,-0.4938,0,0.8696,129.2171,0,1,0,0,-0.8696,0,-0.4938,-1524.57,0,0,0,1
286.0945,129.4345,0,-1524.693,2.228585,2.228585,2.081938,-68.62318,0.25,-1842.867,374.4374,0,-0.4941,0,0.8694,129.4345,0,1,0,0,-0.8694,0,-0.4941,-1524.693,0,0,0,1
286.1084,129.6518,0,-1524.817,2.231508,2.231508,1.884184,-68.62318,0.25,-1842.867,374.4473,0,-0.4944,0,0.8692,129.6518,0,1,0,0,-0.8692,0,-0.4944,-1524.817,0,0,0,1
286.1193,129.869,0,-1524.941,2.234438,2.234438,1.741362,-68.62318,0.25,-1842.867,374.4573,0,-0.4947,0,0.8691,129.869,0,1,0,0,-0.8691,0,-0.4947,-1524.941,0,0,0,1
286.1276,130.0863,0,-1525.064,2.237497,2.237497,1.591215,-68.62318,0.25,-1842.867,374.4674,0,-0.4949,0,0.8689,130.0863,0,1,0,0,-0.8689,0,-0.4949,-1525.064,0,0,0,1
286.1387,130.3035,0,-1525.188,2.240564,2.240564,1.470366,-68.62318,0.25,-1842.867,374.4776,0,-0.4951,0,0.8688,130.3035,0,1,0,0,-0.8688,0,-0.4951,-1525.188,0,0,0,1
286.1498,130.5207,0,-1525.312,2.24363,2.24363,1.279922,-68.62318,0.25,-1842.867,374.488,0,-0.4953,0,0.8687,130.5207,0,1,0,0,-0.8687,0,-0.4953,-1525.312,0,0,0,1
286.1609,130.955,0,-1525.56,2.250043,2.250043,1.089492,-68.62318,0.25,-1842.867,374.509,0,-0.4956,0,0.8685,130.955,0,1,0,0,-0.8685,0,-0.4956,-1525.56,0,0,0,1
286.172,131.1721,0,-1525.684,2.253253,2.253253,0.928359,-68.62318,0.25,-1842.867,374.5198,0,-0.4958,0,0.8684,131.1721,0,1,0,0,-0.8684,0,-0.4958,-1525.684,0,0,0,1
286.1831,131.3892,0,-1525.808,2.256592,2.256592,0.730605,-68.62318,0.25,-1842.867,374.5306,0,-0.4959,0,0.8684,131.3892,0,1,0,0,-0.8684,0,-0.4959,-1525.808,0,0,0,1
286.194,131.6063,0,-1525.932,2.259939,2.259939,0.562148,-68.62318,0.25,-1842.867,374.5415,0,-0.496,0,0.8683,131.6063,0,1,0,0,-0.8683,0,-0.496,-1525.932,0,0,0,1
286.2054,131.8233,0,-1526.056,2.263178,2.263178,0.298462,-68.62318,0.25,-1842.867,374.5526,0,-0.496,0,0.8683,131.8233,0,1,0,0,-0.8683,0,-0.496,-1526.056,0,0,0,1
286.2164,132.0404,0,-1526.18,2.266532,2.266532,0.130005,-68.62318,0.25,-1842.867,374.5639,0,-0.4961,0,0.8683,132.0404,0,1,0,0,-0.8683,0,-0.4961,-1526.18,0,0,0,1
286.2273,132.2575,0,-1526.304,2.269879,2.269879,-0.119019,-68.62318,0.25,-1842.867,374.5754,0,-0.496,0,0.8683,132.2575,0,1,0,0,-0.8683,0,-0.496,-1526.304,0,0,0,1
