time,fixedTime,deltaTime,smoothDeltaTime,realtimeSinceStartup,pos_x,pos_y,pos_z,distFromRoadCenter,signedDistFromRoadCenter,wheelAngle,obstacle_pos_x,obstacle_pos_y,obstacle_pos_z,distance_to_obstacle,brake_position,car_speed,car_vel_x,car_vel_y,car_vel_z,simplecar_4x4_R0C0,simplecar_4x4_R0C1,simplecar_4x4_R0C2,simplecar_4x4_R0C3,simplecar_4x4_R1C0,simplecar_4x4_R1C1,simplecar_4x4_R1C2,simplecar_4x4_R1C3,simplecar_4x4_R2C0,simplecar_4x4_R2C1,simplecar_4x4_R2C2,simplecar_4x4_R2C3,simplecar_4x4_R3C0,simplecar_4x4_R3C1,simplecar_4x4_R3C2,simplecar_4x4_R3C3
837.6365,837.63,0.013988,0.0156,848.1757,829.0165,0,-129.1325,2.803182,2.803182,-0.020142,734.3538,0.25,41.27944,194.5991,0,20.1,-6.866921,0,-18.89062,-0.9398,0,-0.3416,829.0165,0,1,0,0,0.3416,0,-0.9398,-129.1325,0,0,0,1
837.6542,837.65,0.017643,0.016009,848.189,828.8792,0,-129.5103,2.813048,2.813048,-0.020142,734.3538,0.25,41.27944,194.8631,0,20.1,-6.866789,0,-18.89067,-0.9398,0,-0.3416,828.8792,0,1,0,0,0.3416,0,-0.9398,-129.5103,0,0,0,1
837.6682,837.66,0.013997,0.015606,848.2028,828.8104,0,-129.6992,2.818066,2.818066,-0.020142,734.3538,0.25,41.27944,194.9952,0,20.1,-6.866723,0,-18.89069,-0.9398,0,-0.3416,828.8104,0,1,0,0,0.3416,0,-0.9398,-129.6992,0,0,0,1
837.6821,837.68,0.013886,0.015262,848.2168,828.6732,0,-130.077,2.827857,2.827857,-0.020142,734.3538,0.25,41.27944,195.2599,0,20.1,-6.86659,0,-18.89074,-0.9398,0,-0.3416,828.6732,0,1,0,0,0.3416,0,-0.9398,-130.077,0,0,0,1
837.7021,837.7,0.020011,0.016212,848.237,828.5358,0,-130.4548,2.837773,2.837773,-0.020142,734.3538,0.25,41.27944,195.5251,0,20.1,-6.866458,0,-18.89079,-0.9398,0,-0.3416,828.5358,0,1,0,0,0.3416,0,-0.9398,-130.4548,0,0,0,1
837.7214,837.72,0.019334,0.016836,848.2563,828.3984,0,-130.8326,2.847688,2.847688,-0.020142,734.3538,0.25,41.27944,195.7907,0,20.1,-6.866325,0,-18.89084,-0.9398,0,-0.3416,828.3984,0,1,0,0,0.3416,0,-0.9398,-130.8326,0,0,0,1
837.7352,837.73,0.013858,0.016241,848.2697,828.3298,0,-131.0215,2.852581,2.852581,-0.020142,734.3538,0.25,41.27944,195.9237,0,20.1,-6.866259,0,-18.89086,-0.9398,0,-0.3416,828.3298,0,1,0,0,0.3416,0,-0.9398,-131.0215,0,0,0,1
837.7487,837.74,0.013479,0.015688,848.2832,828.2612,0,-131.2104,2.857537,2.857537,-0.020142,734.3538,0.25,41.27944,196.0568,0,20.1,-6.866192,0,-18.89088,-0.9398,0,-0.3416,828.2612,0,1,0,0,0.3416,0,-0.9398,-131.2104,0,0,0,1
837.7615,837.76,0.012802,0.015111,848.2968,828.1238,0,-131.5882,2.86739,2.86739,-0.020142,734.3538,0.25,41.27944,196.3233,0,20.1,-6.86606,0,-18.89093,-0.9398,0,-0.3416,828.1238,0,1,0,0,0.3416,0,-0.9398,-131.5882,0,0,0,1
837.7752,837.77,0.013676,0.014824,848.3097,828.0552,0,-131.7771,2.872345,2.872345,-0.020142,734.3538,0.25,41.27944,196.4568,0,20.1,-6.865993,0,-18.89095,-0.9398,0,-0.3416,828.0552,0,1,0,0,0.3416,0,-0.9398,-131.7771,0,0,0,1
837.7877,837.78,0.012527,0.014365,848.3223,827.9866,0,-131.966,2.877238,2.877238,-0.020142,734.3538,0.25,41.27944,196.5903,0,20.1,-6.865927,0,-18.89098,-0.9398,0,-0.3416,827.9866,0,1,0,0,0.3416,0,-0.9398,-131.966,0,0,0,1
837.8024,837.8,0.014692,0.01443,848.3372,827.8491,0,-132.3438,2.887217,2.887217,-0.020142,734.3538,0.25,41.27944,196.8577,0,20.1,-6.865795,0,-18.89103,-0.9399,0,-0.3416,827.8491,0,1,0,0,0.3416,0,-0.9399,-132.3438,0,0,0,1
837.8224,837.82,0.020032,0.01555,848.3573,827.7119,0,-132.7216,2.897007,2.897007,-0.020142,734.3538,0.25,41.27944,197.1257,0,20.1,-6.865663,0,-18.89108,-0.9399,0,-0.3416,827.7119,0,1,0,0,0.3416,0,-0.9399,-132.7216,0,0,0,1
837.8349,837.83,0.012462,0.014933,848.3694,827.6432,0,-132.9105,2.901963,2.901963,-0.020142,734.3538,0.25,41.27944,197.2598,0,20.1,-6.865596,0,-18.8911,-0.9399,0,-0.3416,827.6432,0,1,0,0,0.3416,0,-0.9399,-132.9105,0,0,0,1
837.8564,837.85,0.021512,0.016249,848.3912,827.5059,0,-133.2884,2.911874,2.911874,-0.020142,734.3538,0.25,41.27944,197.5284,0,20.1,-6.865463,0,-18.89115,-0.9399,0,-0.3416,827.5059,0,1,0,0,0.3416,0,-0.9399,-133.2884,0,0,0,1
837.8703,837.87,0.013831,0.015765,848.405,827.3685,0,-133.6662,2.921727,2.921727,-0.020142,734.3538,0.25,41.27944,197.7975,0,20.1,-6.865331,0,-18.8912,-0.9399,0,-0.3416,827.3685,0,1,0,0,0.3416,0,-0.9399,-133.6662,0,0,0,1
837.8833,837.88,0.01301,0.015214,848.4177,827.2999,0,-133.8551,2.926625,2.926625,-0.020142,734.3538,0.25,41.27944,197.9322,0,20.1,-6.865266,0,-18.89122,-0.9399,0,-0.3416,827.2999,0,1,0,0,0.3416,0,-0.9399,-133.8551,0,0,0,1
837.8956,837.89,0.012293,0.01463,848.4301,827.2312,0,-134.044,2.931581,2.931581,-0.020142,734.3538,0.25,41.27944,198.067,0,20.1,-6.865199,0,-18.89125,-0.9399,0,-0.3416,827.2312,0,1,0,0,0.3416,0,-0.9399,-134.044,0,0,0,1
837.909,837.9,0.013414,0.014387,848.4434,827.1625,0,-134.233,2.936536,2.936536,-0.020142,734.3538,0.25,41.27944,198.202,0,20.1,-6.865133,0,-18.89127,-0.9399,0,-0.3415,827.1625,0,1,0,0,0.3415,0,-0.9399,-134.233,0,0,0,1
837.9219,837.92,0.012954,0.0141,848.4567,827.0252,0,-134.6108,2.946389,2.946389,-0.020142,734.3538,0.25,41.27944,198.4722,0,20.1,-6.865,0,-18.89132,-0.9399,0,-0.3415,827.0252,0,1,0,0,0.3415,0,-0.9399,-134.6108,0,0,0,1
837.936,837.93,0.014023,0.014085,848.4704,826.9565,0,-134.7997,2.951345,2.951345,-0.020142,734.3538,0.25,41.27944,198.6074,0,20.1,-6.864934,0,-18.89134,-0.9399,0,-0.3415,826.9565,0,1,0,0,0.3415,0,-0.9399,-134.7997,0,0,0,1
837.955,837.95,0.019073,0.015082,848.4899,826.8192,0,-135.1776,2.961198,2.961198,-0.020142,734.3538,0.25,41.27944,198.8783,0,20.1,-6.864801,0,-18.89139,-0.9399,0,-0.3415,826.8192,0,1,0,0,0.3415,0,-0.9399,-135.1776,0,0,0,1
837.9684,837.96,0.013415,0.014749,848.5029,826.7505,0,-135.3665,2.966154,2.966154,-0.020142,734.3538,0.25,41.27944,199.0139,0,20.1,-6.864735,0,-18.89141,-0.9399,0,-0.3415,826.7505,0,1,0,0,0.3415,0,-0.9399,-135.3665,0,0,0,1
837.988,837.98,0.019562,0.015711,848.5229,826.6133,0,-135.7443,2.975944,2.975944,-0.020142,734.3538,0.25,41.27944,199.2855,0,20.1,-6.864602,0,-18.89146,-0.9399,0,-0.3415,826.6133,0,1,0,0,0.3415,0,-0.9399,-135.7443,0,0,0,1
838.0022,838,0.01421,0.015411,848.5371,826.4758,0,-136.1221,2.985928,2.985928,-0.020142,734.3538,0.25,41.27944,199.5574,0,20.1,-6.864469,0,-18.89151,-0.9399,0,-0.3415,826.4758,0,1,0,0,0.3415,0,-0.9399,-136.1221,0,0,0,1
838.0157,838.01,0.013524,0.015034,848.5503,826.4072,0,-136.3111,2.990815,2.990815,-0.020142,734.3538,0.25,41.27944,199.6936,0,20.1,-6.864404,0,-18.89153,-0.9399,0,-0.3415,826.4072,0,1,0,0,0.3415,0,-0.9399,-136.3111,0,0,0,1
838.0285,838.02,0.012781,0.014583,848.5631,826.3386,0,-136.5,2.995771,2.995771,-0.020142,734.3538,0.25,41.27944,199.8298,0,20.1,-6.864338,0,-18.89156,-0.9399,0,-0.3415,826.3386,0,1,0,0,0.3415,0,-0.9399,-136.5,0,0,0,1
838.0408,838.04,0.012334,0.014133,848.5758,826.2012,0,-136.8778,3.005624,3.005624,-0.020142,734.3538,0.25,41.27944,200.1027,0,20.1,-6.864205,0,-18.89161,-0.9399,0,-0.3415,826.2012,0,1,0,0,0.3415,0,-0.9399,-136.8778,0,0,0,1
838.0544,838.05,0.013539,0.014014,848.5889,826.1326,0,-137.0667,3.010527,3.010527,-0.020142,734.3538,0.25,41.27944,200.2393,0,20.1,-6.864139,0,-18.89163,-0.9399,0,-0.3415,826.1326,0,1,0,0,0.3415,0,-0.9399,-137.0667,0,0,0,1
838.0678,838.06,0.013425,0.013896,848.6023,826.0639,0,-137.2557,3.015477,3.015477,-0.020142,734.3538,0.25,41.27944,200.3759,0,20.1,-6.864072,0,-18.89165,-0.9399,0,-0.3415,826.0639,0,1,0,0,0.3415,0,-0.9399,-137.2557,0,0,0,1
838.0813,838.08,0.013476,0.013812,848.6161,825.9266,0,-137.6335,3.025336,3.025336,-0.020142,734.3538,0.25,41.27944,200.6497,0,20.1,-6.863941,0,-18.8917,-0.9399,0,-0.3415,825.9266,0,1,0,0,0.3415,0,-0.9399,-137.6335,0,0,0,1
838.1006,838.1,0.019348,0.014919,848.6356,825.7892,0,-138.0113,3.035309,3.035309,-0.020142,734.3538,0.25,41.27944,200.9238,0,20.1,-6.863808,0,-18.89175,-0.9399,0,-0.3415,825.7892,0,1,0,0,0.3415,0,-0.9399,-138.0113,0,0,0,1
838.1151,838.11,0.014489,0.014833,848.6497,825.7206,0,-138.2003,3.040139,3.040139,0.009155,734.3538,0.25,41.27944,201.0611,0,20.1,-6.863838,0,-18.89174,-0.9399,0,-0.3415,825.7206,0,1,0,0,0.3415,0,-0.9399,-138.2003,0,0,0,1
838.1338,838.13,0.018661,0.015599,848.669,825.5833,0,-138.5781,3.05005,3.05005,0.042114,734.3538,0.25,41.27944,201.3358,0,20.1,-6.864116,0,-18.89164,-0.9399,0,-0.3415,825.5833,0,1,0,0,0.3415,0,-0.9399,-138.5781,0,0,0,1
838.1498,838.14,0.016036,0.015686,848.6843,825.5146,0,-138.767,3.054948,3.054948,0.100708,734.3538,0.25,41.27944,201.4734,0,20.1,-6.864448,0,-18.89152,-0.9399,0,-0.3415,825.5146,0,1,0,0,0.3415,0,-0.9399,-138.767,0,0,0,1
838.1627,838.16,0.012821,0.015113,848.6982,825.3773,0,-139.1448,3.064796,3.064796,0.166626,734.3538,0.25,41.27944,201.7488,0,20.1,-6.865547,0,-18.89112,-0.9399,0,-0.3416,825.3773,0,1,0,0,0.3416,0,-0.9399,-139.1448,0,0,0,1
838.1772,838.17,0.014599,0.01501,848.7119,825.3086,0,-139.3337,3.069757,3.069757,0.239868,734.3538,0.25,41.27944,201.8867,0,20.1,-6.866337,0,-18.89083,-0.9398,0,-0.3416,825.3086,0,1,0,0,0.3416,0,-0.9398,-139.3337,0,0,0,1
838.191,838.19,0.013734,0.014755,848.7262,825.1713,0,-139.7115,3.079668,3.079668,0.316773,734.3538,0.25,41.27944,202.1627,0,20.1,-6.868426,0,-18.89008,-0.9398,0,-0.3417,825.1713,0,1,0,0,0.3417,0,-0.9398,-139.7115,0,0,0,1
838.2117,838.21,0.020697,0.015943,848.7467,825.0338,0,-140.0893,3.089651,3.089651,0.408325,734.3538,0.25,41.27944,202.4391,0,20.1,-6.871119,0,-18.88909,-0.9398,0,-0.3418,825.0338,0,1,0,0,0.3418,0,-0.9398,-140.0893,0,0,0,1
838.2255,838.22,0.013774,0.01551,848.76,824.9651,0,-140.2782,3.09467,3.09467,0.558486,734.3538,0.25,41.27944,202.5775,0,20.1,-6.87296,0,-18.88842,-0.9397,0,-0.3419,824.9651,0,1,0,0,0.3419,0,-0.9397,-140.2782,0,0,0,1
838.2455,838.24,0.02005,0.016418,848.7805,824.8276,0,-140.656,3.104721,3.104721,0.664687,734.3538,0.25,41.27944,202.8544,0,20.1,-6.877342,0,-18.88683,-0.9396,0,-0.3422,824.8276,0,1,0,0,0.3422,0,-0.9396,-140.656,0,0,0,1
838.2604,838.26,0.014889,0.016112,848.7953,824.6899,0,-141.0337,3.114955,3.114955,0.833144,734.3538,0.25,41.27944,203.1317,0,20.1,-6.882834,0,-18.88483,-0.9395,0,-0.3424,824.6899,0,1,0,0,0.3424,0,-0.9395,-141.0337,0,0,0,1
838.2745,838.27,0.014081,0.015706,848.8091,824.6211,0,-141.2225,3.120046,3.120046,0.975967,734.3538,0.25,41.27944,203.2705,0,20.1,-6.886052,0,-18.88366,-0.9395,0,-0.3426,824.6211,0,1,0,0,0.3426,0,-0.9395,-141.2225,0,0,0,1
838.2871,838.28,0.012642,0.015093,848.8217,824.5522,0,-141.4113,3.125194,3.125194,1.115127,734.3538,0.25,41.27944,203.4093,0,20.1,-6.889727,0,-18.88232,-0.9394,0,-0.3428,824.5522,0,1,0,0,0.3428,0,-0.9394,-141.4113,0,0,0,1
838.3003,838.3,0.013192,0.014713,848.8358,824.4143,0,-141.7889,3.135752,3.135752,1.232314,734.3538,0.25,41.27944,203.6872,0,20.1,-6.897849,0,-18.87935,-0.9393,0,-0.3432,824.4143,0,1,0,0,0.3432,0,-0.9393,-141.7889,0,0,0,1
838.3145,838.31,0.014186,0.014607,848.8492,824.3453,0,-141.9777,3.141036,3.141036,1.386123,734.3538,0.25,41.27944,203.8263,0,20.1,-6.902416,0,-18.87768,-0.9392,0,-0.3434,824.3453,0,1,0,0,0.3434,0,-0.9392,-141.9777,0,0,0,1
838.3353,838.33,0.020767,0.015839,848.8705,824.207,0,-142.3552,3.151911,3.151911,1.521635,734.3538,0.25,41.27944,204.1045,0,20.1,-6.912443,0,-18.87401,-0.939,0,-0.3439,824.207,0,1,0,0,0.3439,0,-0.939,-142.3552,0,0,0,1
838.3566,838.35,0.021373,0.016946,848.8917,824.0687,0,-142.7326,3.162865,3.162865,1.734037,734.3538,0.25,41.27944,204.3831,0,20.1,-6.923866,0,-18.86982,-0.9388,0,-0.3445,824.0687,0,1,0,0,0.3445,0,-0.9388,-142.7326,0,0,0,1
838.3701,838.37,0.013474,0.016252,848.9054,823.93,0,-143.11,3.174195,3.174195,1.986723,734.3538,0.25,41.27944,204.6619,0,20.1,-6.936951,0,-18.86502,-0.9386,0,-0.3451,823.93,0,1,0,0,0.3451,0,-0.9386,-143.11,0,0,0,1
838.3839,838.38,0.013751,0.015752,848.9185,823.8605,0,-143.2986,3.179985,3.179985,2.140532,734.3538,0.25,41.27944,204.8013,0,20.1,-6.943997,0,-18.86242,-0.9384,0,-0.3455,823.8605,0,1,0,0,0.3455,0,-0.9384,-143.2986,0,0,0,1
838.3967,838.39,0.012872,0.015176,848.9315,823.791,0,-143.4872,3.185843,3.185843,2.279692,734.3538,0.25,41.27944,204.9408,0,20.1,-6.951502,0,-18.85966,-0.9383,0,-0.3458,823.791,0,1,0,0,0.3458,0,-0.9383,-143.4872,0,0,0,1
838.4101,838.41,0.013388,0.014818,848.9452,823.6517,0,-143.8643,3.197757,3.197757,2.437177,734.3538,0.25,41.27944,205.2199,0,20.1,-6.967545,0,-18.85373,-0.938,0,-0.3466,823.6517,0,1,0,0,0.3466,0,-0.938,-143.8643,0,0,0,1
838.4235,838.42,0.01335,0.014525,848.9581,823.582,0,-144.0528,3.203875,3.203875,2.605634,734.3538,0.25,41.27944,205.3595,0,20.1,-6.976118,0,-18.85056,-0.9378,0,-0.3471,823.582,0,1,0,0,0.3471,0,-0.9378,-144.0528,0,0,0,1
838.4448,838.44,0.021378,0.015895,848.9799,823.4423,0,-144.4297,3.2163,3.2163,2.73747,734.3538,0.25,41.27944,205.6389,0,20.1,-6.994128,0,-18.84389,-0.9375,0,-0.348,823.4423,0,1,0,0,0.348,0,-0.9375,-144.4297,0,0,0,1
838.4589,838.45,0.014069,0.01553,848.9935,823.3721,0,-144.6181,3.2228,3.2228,2.982831,734.3538,0.25,41.27944,205.7786,0,20.1,-7.003938,0,-18.84025,-0.9373,0,-0.3485,823.3721,0,1,0,0,0.3485,0,-0.9373,-144.6181,0,0,0,1
838.4781,838.47,0.019175,0.016259,849.0133,823.2318,0,-144.9948,3.235934,3.235934,3.13664,734.3538,0.25,41.27944,206.0581,0,20.1,-7.024561,0,-18.83257,-0.9369,0,-0.3495,823.2318,0,1,0,0,0.3495,0,-0.9369,-144.9948,0,0,0,1
838.4922,838.49,0.014152,0.015838,849.0274,823.0909,0,-145.3713,3.249585,3.249585,3.341732,734.3538,0.25,41.27944,206.3376,0,20.1,-7.046525,0,-18.82436,-0.9365,0,-0.3506,823.0909,0,1,0,0,0.3506,0,-0.9365,-145.3713,0,0,0,1
838.506,838.5,0.013815,0.015433,849.0406,823.0203,0,-145.5595,3.256538,3.256538,3.47723,734.3538,0.25,41.27944,206.4774,0,20.1,-7.057948,0,-18.82008,-0.9363,0,-0.3511,823.0203,0,1,0,0,0.3511,0,-0.9363,-145.5595,0,0,0,1
838.5183,838.51,0.012269,0.0148,849.0531,822.9496,0,-145.7477,3.263622,3.263622,3.583431,734.3538,0.25,41.27944,206.6172,0,20.1,-7.069716,0,-18.81566,-0.9361,0,-0.3517,822.9496,0,1,0,0,0.3517,0,-0.9361,-145.7477,0,0,0,1
838.5314,838.53,0.01311,0.014462,849.0665,822.8079,0,-146.1239,3.278237,3.278237,3.68597,734.3538,0.25,41.27944,206.8969,0,20.1,-7.093921,0,-18.80655,-0.9356,0,-0.3529,822.8079,0,1,0,0,0.3529,0,-0.9356,-146.1239,0,0,0,1
838.5449,838.54,0.013462,0.014262,849.0798,822.7369,0,-146.3119,3.285644,3.285644,3.80682,734.3538,0.25,41.27944,207.0367,0,20.1,-7.106415,0,-18.80183,-0.9354,0,-0.3536,822.7369,0,1,0,0,0.3536,0,-0.9354,-146.3119,0,0,0,1
838.5594,838.55,0.014545,0.014319,849.0943,822.6658,0,-146.4999,3.293181,3.293181,3.905697,734.3538,0.25,41.27944,207.1766,0,20.1,-7.119229,0,-18.79698,-0.9352,0,-0.3542,822.6658,0,1,0,0,0.3542,0,-0.9352,-146.4999,0,0,0,1
838.5781,838.57,0.018595,0.015174,849.1132,822.5228,0,-146.8757,3.309018,3.309018,3.99725,734.3538,0.25,41.27944,207.4562,0,20.1,-7.145451,0,-18.78703,-0.9347,0,-0.3555,822.5228,0,1,0,0,0.3555,0,-0.9347,-146.8757,0,0,0,1
838.5914,838.59,0.013407,0.014821,849.1265,822.3795,0,-147.2513,3.325308,3.325308,4.114437,734.3538,0.25,41.27944,207.7359,0,20.1,-7.172427,0,-18.77675,-0.9342,0,-0.3568,822.3795,0,1,0,0,0.3568,0,-0.9342,-147.2513,0,0,0,1
838.6104,838.61,0.018973,0.015651,849.1458,822.2357,0,-147.6266,3.342109,3.342109,4.187679,734.3538,0.25,41.27944,208.0155,0,20.1,-7.199867,0,-18.76625,-0.9336,0,-0.3582,822.2357,0,1,0,0,0.3582,0,-0.9336,-147.6266,0,0,0,1
838.6245,838.62,0.014097,0.01534,849.1592,822.1636,0,-147.8142,3.350737,3.350737,4.31953,734.3538,0.25,41.27944,208.1553,0,20.1,-7.214013,0,-18.76082,-0.9334,0,-0.3589,822.1636,0,1,0,0,0.3589,0,-0.9334,-147.8142,0,0,0,1
838.6371,838.63,0.012583,0.014789,849.1718,822.0913,0,-148.0018,3.3595,3.3595,4.40742,734.3538,0.25,41.27944,208.2951,0,20.1,-7.228442,0,-18.75526,-0.9331,0,-0.3596,822.0913,0,1,0,0,0.3596,0,-0.9331,-148.0018,0,0,0,1
838.6506,838.65,0.013511,0.014533,849.1858,821.9463,0,-148.3767,3.377589,3.377589,4.491649,734.3538,0.25,41.27944,208.5747,0,20.1,-7.25784,0,-18.74391,-0.9325,0,-0.3611,821.9463,0,1,0,0,0.3611,0,-0.9325,-148.3767,0,0,0,1
838.6635,838.66,0.012913,0.014209,849.1981,821.8735,0,-148.5641,3.386921,3.386921,4.59785,734.3538,0.25,41.27944,208.7144,0,20.1,-7.272878,0,-18.73807,-0.9322,0,-0.3618,821.8735,0,1,0,0,0.3618,0,-0.9322,-148.5641,0,0,0,1
838.6768,838.67,0.013238,0.014015,849.2113,821.8007,0,-148.7514,3.396326,3.396326,4.696727,734.3538,0.25,41.27944,208.8542,0,20.1,-7.288236,0,-18.7321,-0.9319,0,-0.3626,821.8007,0,1,0,0,0.3626,0,-0.9319,-148.7514,0,0,0,1
838.6892,838.68,0.012441,0.0137,849.2238,821.7276,0,-148.9387,3.405981,3.405981,4.817576,734.3538,0.25,41.27944,208.9939,0,20.1,-7.303985,0,-18.72597,-0.9316,0,-0.3634,821.7276,0,1,0,0,0.3634,0,-0.9316,-148.9387,0,0,0,1
838.7051,838.7,0.015946,0.014149,849.2402,821.5811,0,-149.313,3.425688,3.425688,4.923778,734.3538,0.25,41.27944,209.2732,0,20.1,-7.336159,0,-18.71339,-0.931,0,-0.365,821.5811,0,1,0,0,0.365,0,-0.931,-149.313,0,0,0,1
838.7231,838.72,0.017908,0.014901,849.258,821.4338,0,-149.6871,3.446157,3.446157,5.092235,734.3538,0.25,41.27944,209.5525,0,20.1,-7.369411,0,-18.70032,-0.9304,0,-0.3666,821.4338,0,1,0,0,0.3666,0,-0.9304,-149.6871,0,0,0,1
838.737,838.73,0.013932,0.014707,849.2715,821.36,0,-149.874,3.456594,3.456594,5.26803,734.3538,0.25,41.27944,209.692,0,20.1,-7.386602,0,-18.69353,-0.93,0,-0.3675,821.36,0,1,0,0,0.3675,0,-0.93,-149.874,0,0,0,1
838.7566,838.75,0.019627,0.015691,849.2915,821.2117,0,-150.2477,3.478163,3.478163,5.421839,734.3538,0.25,41.27944,209.9711,0,20.1,-7.421967,0,-18.67952,-0.9293,0,-0.3693,821.2117,0,1,0,0,0.3693,0,-0.9293,-150.2477,0,0,0,1
838.77,838.76,0.013311,0.015215,849.3047,821.1373,0,-150.4344,3.489237,3.489237,5.663538,734.3538,0.25,41.27944,210.1105,0,20.1,-7.440427,0,-18.67217,-0.929,0,-0.3702,821.1373,0,1,0,0,0.3702,0,-0.929,-150.4344,0,0,0,1
838.7819,838.78,0.011933,0.014559,849.3173,820.988,0,-150.8076,3.511959,3.511959,5.817347,734.3538,0.25,41.27944,210.3894,0,20.1,-7.478328,0,-18.65703,-0.9282,0,-0.3721,820.988,0,1,0,0,0.3721,0,-0.9282,-150.8076,0,0,0,1
838.7944,838.79,0.012504,0.014148,849.3292,820.913,0,-150.9941,3.523742,3.523742,5.989466,734.3538,0.25,41.27944,210.5286,0,20.1,-7.497827,0,-18.6492,-0.9278,0,-0.373,820.913,0,1,0,0,0.373,0,-0.9278,-150.9941,0,0,0,1
838.8077,838.8,0.013398,0.013998,849.3422,820.8378,0,-151.1805,3.535593,3.535593,6.143289,734.3538,0.25,41.27944,210.6679,0,20.1,-7.517819,0,-18.64115,-0.9274,0,-0.374,820.8378,0,1,0,0,0.374,0,-0.9274,-151.1805,0,0,0,1
838.8198,838.81,0.012016,0.013601,849.3543,820.7625,0,-151.3668,3.547699,3.547699,6.297097,734.3538,0.25,41.27944,210.8071,0,20.1,-7.538301,0,-18.63288,-0.927,0,-0.375,820.7625,0,1,0,0,0.375,0,-0.927,-151.3668,0,0,0,1
838.8328,838.83,0.013051,0.013491,849.3681,820.611,0,-151.7392,3.57268,3.57268,6.436257,734.3538,0.25,41.27944,211.0853,0,20.1,-7.580143,0,-18.61589,-0.9262,0,-0.3771,820.611,0,1,0,0,0.3771,0,-0.9262,-151.7392,0,0,0,1
838.8459,838.84,0.01314,0.013421,849.3811,820.535,0,-151.9253,3.585433,3.585433,6.637673,734.3538,0.25,41.27944,211.2243,0,20.1,-7.601705,0,-18.6071,-0.9257,0,-0.3782,820.535,0,1,0,0,0.3782,0,-0.9257,-151.9253,0,0,0,1
838.8678,838.86,0.021841,0.015105,849.4029,820.3823,0,-152.2972,3.611822,3.611822,6.824441,734.3538,0.25,41.27944,211.5021,0,20.1,-7.646009,0,-18.58894,-0.9248,0,-0.3804,820.3823,0,1,0,0,0.3804,0,-0.9248,-152.2972,0,0,0,1
838.8801,838.88,0.012308,0.014546,849.4152,820.2288,0,-152.6686,3.639124,3.639124,7.102776,734.3538,0.25,41.27944,211.7795,0,20.1,-7.692074,0,-18.56993,-0.9239,0,-0.3827,820.2288,0,1,0,0,0.3827,0,-0.9239,-152.6686,0,0,0,1
838.8996,838.89,0.01949,0.015534,849.4347,820.1516,0,-152.8542,3.65316,3.65316,7.289543,734.3538,0.25,41.27944,211.9182,0,20.1,-7.715692,0,-18.56012,-0.9234,0,-0.3839,820.1516,0,1,0,0,0.3839,0,-0.9234,-152.8542,0,0,0,1
838.9123,838.91,0.012676,0.014963,849.4472,819.9966,0,-153.2252,3.682006,3.682006,7.531242,734.3538,0.25,41.27944,212.1951,0,20.1,-7.764458,0,-18.53978,-0.9224,0,-0.3863,819.9966,0,1,0,0,0.3863,0,-0.9224,-153.2252,0,0,0,1
838.9242,838.92,0.011877,0.014346,849.4587,819.9187,0,-153.4105,3.696815,3.696815,7.710686,734.3538,0.25,41.27944,212.3335,0,20.1,-7.789401,0,-18.52931,-0.9219,0,-0.3875,819.9187,0,1,0,0,0.3875,0,-0.9219,-153.4105,0,0,0,1
838.9412,838.94,0.017032,0.014883,849.4763,819.7621,0,-153.7807,3.727334,3.727334,7.85717,734.3538,0.25,41.27944,212.6098,0,20.1,-7.840192,0,-18.50788,-0.9208,0,-0.3901,819.7621,0,1,0,0,0.3901,0,-0.9208,-153.7807,0,0,0,1
838.9605,838.96,0.019301,0.015766,849.4955,819.6046,0,-154.1505,3.75895,3.75895,8.102546,734.3538,0.25,41.27944,212.8857,0,20.1,-7.892507,0,-18.48563,-0.9197,0,-0.3927,819.6046,0,1,0,0,0.3927,0,-0.9197,-154.1505,0,0,0,1
838.9741,838.97,0.013541,0.015321,849.5087,819.5253,0,-154.3353,3.77524,3.77524,8.406501,734.3538,0.25,41.27944,213.0235,0,20.1,-7.919621,0,-18.47403,-0.9191,0,-0.394,819.5253,0,1,0,0,0.394,0,-0.9191,-154.3353,0,0,0,1
838.9886,838.98,0.01456,0.015169,849.5234,819.4459,0,-154.5199,3.791785,3.791785,8.585944,734.3538,0.25,41.27944,213.1612,0,20.1,-7.947295,0,-18.46214,-0.9185,0,-0.3954,819.4459,0,1,0,0,0.3954,0,-0.9185,-154.5199,0,0,0,1
839.0022,839,0.013605,0.014856,849.5375,819.2861,0,-154.8887,3.825784,3.825784,8.834968,734.3538,0.25,41.27944,213.4362,0,20.1,-8.004195,0,-18.43754,-0.9173,0,-0.3982,819.2861,0,1,0,0,0.3982,0,-0.9173,-154.8887,0,0,0,1
839.0234,839.02,0.021217,0.016128,849.5586,819.1251,0,-155.2571,3.861067,3.861067,9.094992,734.3538,0.25,41.27944,213.7107,0,20.1,-8.06269,0,-18.41204,-0.916,0,-0.4011,819.1251,0,1,0,0,0.4011,0,-0.916,-155.2571,0,0,0,1
839.039,839.03,0.015581,0.016019,849.5738,819.0442,0,-155.4411,3.879224,3.879224,9.486837,734.3538,0.25,41.27944,213.8477,0,20.1,-8.093164,0,-18.39866,-0.9154,0,-0.4026,819.0442,0,1,0,0,0.4026,0,-0.9154,-155.4411,0,0,0,1
839.0542,839.05,0.015229,0.015861,849.5895,818.8815,0,-155.8087,3.916436,3.916436,9.805441,734.3538,0.25,41.27944,214.1214,0,20.1,-8.156091,0,-18.37086,-0.914,0,-0.4058,818.8815,0,1,0,0,0.4058,0,-0.914,-155.8087,0,0,0,1
839.0689,839.06,0.014692,0.015627,849.6038,818.7995,0,-155.9922,3.935689,3.935689,10.12772,734.3538,0.25,41.27944,214.2579,0,20.1,-8.18855,0,-18.35641,-0.9133,0,-0.4074,818.7995,0,1,0,0,0.4074,0,-0.9133,-155.9922,0,0,0,1
839.0848,839.08,0.01583,0.015668,849.6204,818.6346,0,-156.3589,3.97516,3.97516,10.42435,734.3538,0.25,41.27944,214.5305,0,20.1,-8.255291,0,-18.32649,-0.9118,0,-0.4107,818.6346,0,1,0,0,0.4107,0,-0.9118,-156.3589,0,0,0,1
839.1009,839.1,0.016148,0.015764,849.6364,818.4686,0,-156.725,4.013634,4.013634,10.76859,734.3538,0.25,41.27944,214.8025,0,20.1,-8.324121,0,-18.29533,-0.9102,0,-0.4141,818.4686,0,1,0,0,0.4141,0,-0.9102,-156.725,0,0,0,1
839.117,839.11,0.016115,0.015834,849.6517,818.3849,0,-156.9078,4.032507,4.032507,11.08355,734.3538,0.25,41.27944,214.9382,0,20.1,-8.359497,0,-18.2792,-0.9094,0,-0.4159,818.3849,0,1,0,0,0.4159,0,-0.9094,-156.9078,0,0,0,1
839.1353,839.13,0.018255,0.016318,849.6714,818.2166,0,-157.2729,4.071118,4.071118,11.38018,734.3538,0.25,41.27944,215.209,0,20.1,-8.432043,0,-18.24584,-0.9078,0,-0.4195,818.2166,0,1,0,0,0.4195,0,-0.9078,-157.2729,0,0,0,1
839.1511,839.15,0.015877,0.01623,849.6862,818.0468,0,-157.6373,4.105234,4.105234,11.74274,734.3538,0.25,41.27944,215.479,0,20.1,-8.506762,0,-18.21113,-0.906,0,-0.4232,818.0468,0,1,0,0,0.4232,0,-0.906,-157.6373,0,0,0,1
839.1647,839.16,0.013584,0.015701,849.6995,817.9614,0,-157.8192,4.121491,4.121491,12.06501,734.3538,0.25,41.27944,215.6137,0,20.1,-8.545091,0,-18.19317,-0.9051,0,-0.4251,817.9614,0,1,0,0,0.4251,0,-0.9051,-157.8192,0,0,0,1
839.1782,839.17,0.013455,0.015251,849.713,817.8755,0,-158.0009,4.138057,4.138057,12.33966,734.3538,0.25,41.27944,215.7482,0,20.1,-8.584253,0,-18.17473,-0.9042,0,-0.4271,817.8755,0,1,0,0,0.4271,0,-0.9042,-158.0009,0,0,0,1
839.1911,839.19,0.012909,0.014783,849.7262,817.7026,0,-158.3639,4.168675,4.168675,12.58502,734.3538,0.25,41.27944,216.0164,0,20.1,-8.664012,0,-18.13684,-0.9023,0,-0.431,817.7026,0,1,0,0,0.431,0,-0.9023,-158.3639,0,0,0,1
839.2108,839.21,0.019751,0.015777,849.7462,817.5281,0,-158.726,4.195965,4.195965,12.87801,734.3538,0.25,41.27944,216.2838,0,20.1,-8.745453,0,-18.09771,-0.9004,0,-0.4351,817.5281,0,1,0,0,0.4351,0,-0.9004,-158.726,0,0,0,1
839.2238,839.22,0.012972,0.015216,849.7584,817.4403,0,-158.9068,4.210136,4.210136,13.33577,734.3538,0.25,41.27944,216.4171,0,20.1,-8.787553,0,-18.07731,-0.8994,0,-0.4372,817.4403,0,1,0,0,0.4372,0,-0.8994,-158.9068,0,0,0,1
839.2444,839.24,0.020599,0.016292,849.7797,817.2632,0,-159.2677,4.234122,4.234122,13.5958,734.3538,0.25,41.27944,216.683,0,20.1,-8.873244,0,-18.0354,-0.8973,0,-0.4415,817.2632,0,1,0,0,0.4415,0,-0.8973,-159.2677,0,0,0,1
839.2575,839.25,0.013106,0.015655,849.7921,817.174,0,-159.4478,4.245308,4.245308,14.1854,734.3538,0.25,41.27944,216.8155,0,20.1,-8.91787,0,-18.01337,-0.8962,0,-0.4437,817.174,0,1,0,0,0.4437,0,-0.8962,-159.4478,0,0,0,1
839.2697,839.26,0.012164,0.014957,849.8045,817.0844,0,-159.6277,4.256944,4.256944,14.49301,734.3538,0.25,41.27944,216.9478,0,20.1,-8.963407,0,-17.99076,-0.8951,0,-0.4459,817.0844,0,1,0,0,0.4459,0,-0.8951,-159.6277,0,0,0,1
839.2823,839.28,0.012639,0.014493,849.8174,816.9037,0,-159.9868,4.277869,4.277869,14.81529,734.3538,0.25,41.27944,217.2114,0,20.1,-9.056326,0,-17.94417,-0.8927,0,-0.4506,816.9037,0,1,0,0,0.4506,0,-0.8927,-159.9868,0,0,0,1
839.2934,839.29,0.011091,0.013813,849.8279,816.8126,0,-160.166,4.28667,4.28667,15.21446,734.3538,0.25,41.27944,217.3428,0,20.1,-9.103943,0,-17.92006,-0.8915,0,-0.4529,816.8126,0,1,0,0,0.4529,0,-0.8915,-160.166,0,0,0,1
839.3057,839.3,0.01227,0.013504,849.8405,816.7211,0,-160.345,4.295839,4.295839,15.50378,734.3538,0.25,41.27944,217.4739,0,20.1,-9.152399,0,-17.89536,-0.8903,0,-0.4553,816.7211,0,1,0,0,0.4553,0,-0.8903,-160.345,0,0,0,1
839.3183,839.31,0.012632,0.01333,849.8529,816.629,0,-160.5237,4.305469,4.305469,15.84436,734.3538,0.25,41.27944,217.6047,0,20.1,-9.201851,0,-17.86997,-0.8891,0,-0.4578,816.629,0,1,0,0,0.4578,0,-0.8891,-160.5237,0,0,0,1
839.3295,839.32,0.011207,0.012905,849.864,816.5365,0,-160.7021,4.314131,4.314131,16.23987,734.3538,0.25,41.27944,217.7351,0,20.1,-9.252465,0,-17.84382,-0.8878,0,-0.4603,816.5365,0,1,0,0,0.4603,0,-0.8878,-160.7021,0,0,0,1
839.3413,839.34,0.011775,0.012679,849.8763,816.35,0,-161.0582,4.327376,4.327376,16.51454,734.3538,0.25,41.27944,217.9951,0,20.1,-9.355175,0,-17.79019,-0.8851,0,-0.4654,816.35,0,1,0,0,0.4654,0,-0.8851,-161.0582,0,0,0,1
839.3538,839.35,0.012507,0.012645,849.8883,816.2559,0,-161.2358,4.334833,4.334833,16.84047,734.3538,0.25,41.27944,218.1245,0,20.1,-9.407424,0,-17.76262,-0.8837,0,-0.468,816.2559,0,1,0,0,0.468,0,-0.8837,-161.2358,0,0,0,1
839.3667,839.36,0.012878,0.012691,849.9012,816.1613,0,-161.4132,4.342752,4.342752,17.15541,734.3538,0.25,41.27944,218.2536,0,20.1,-9.460566,0,-17.73437,-0.8823,0,-0.4707,816.1613,0,1,0,0,0.4707,0,-0.8823,-161.4132,0,0,0,1
839.3788,839.37,0.012177,0.012589,849.9136,816.0661,0,-161.5902,4.347539,4.347539,17.53262,734.3538,0.25,41.27944,218.3823,0,20.1,-9.514789,0,-17.70534,-0.8809,0,-0.4734,816.0661,0,1,0,0,0.4734,0,-0.8809,-161.5902,0,0,0,1
839.4005,839.4,0.021571,0.014385,849.9361,815.7773,0,-162.1196,4.363478,4.363478,17.85122,734.3538,0.25,41.27944,218.7663,0,20.1,-9.67986,0,-17.61563,-0.8764,0,-0.4816,815.7773,0,1,0,0,0.4816,0,-0.8764,-162.1196,0,0,0,1
839.4152,839.41,0.01478,0.014464,849.95,815.68,0,-162.2954,4.36823,4.36823,18.37126,734.3538,0.25,41.27944,218.8935,0,20.1,-9.736294,0,-17.5845,-0.8749,0,-0.4844,815.68,0,1,0,0,0.4844,0,-0.8749,-162.2954,0,0,0,1
839.4345,839.43,0.019288,0.015429,849.9699,815.4835,0,-162.6462,4.374354,4.374354,18.69719,734.3538,0.25,41.27944,219.1467,0,20.1,-9.850853,0,-17.52059,-0.8717,0,-0.4901,815.4835,0,1,0,0,0.4901,0,-0.8717,-162.6462,0,0,0,1
839.4497,839.44,0.015226,0.015388,849.9844,815.3844,0,-162.821,4.378314,4.378314,19.10734,734.3538,0.25,41.27944,219.2727,0,20.1,-9.909226,0,-17.48763,-0.87,0,-0.493,815.3844,0,1,0,0,0.493,0,-0.87,-162.821,0,0,0,1
839.4625,839.46,0.012798,0.01487,849.9979,815.1844,0,-163.1698,4.38409,4.38409,19.34906,734.3538,0.25,41.27944,219.5235,0,20.1,-10.02711,0,-17.42031,-0.8667,0,-0.4989,815.1844,0,1,0,0,0.4989,0,-0.8667,-163.1698,0,0,0,1
839.4773,839.47,0.014752,0.014847,850.0118,815.0836,0,-163.3437,4.385574,4.385574,19.53949,734.3538,0.25,41.27944,219.6482,0,20.1,-10.08646,0,-17.38601,-0.865,0,-0.5018,815.0836,0,1,0,0,0.5018,0,-0.865,-163.3437,0,0,0,1
839.4905,839.49,0.013266,0.014531,850.0258,814.8801,0,-163.6903,4.390294,4.390294,19.73358,734.3538,0.25,41.27944,219.8965,0,20.1,-10.20598,0,-17.31612,-0.8615,0,-0.5078,814.8801,0,1,0,0,0.5078,0,-0.8615,-163.6903,0,0,0,1
839.5109,839.51,0.020335,0.015691,850.0461,814.6741,0,-164.0356,4.39156,4.39156,19.89837,734.3538,0.25,41.27944,220.1429,0,20.1,-10.32601,0,-17.24481,-0.858,0,-0.5137,814.6741,0,1,0,0,0.5137,0,-0.858,-164.0356,0,0,0,1
839.5238,839.52,0.01295,0.015143,850.0585,814.5703,0,-164.2077,4.391883,4.391883,20.05584,734.3538,0.25,41.27944,220.2655,0,20.1,-10.38631,0,-17.20856,-0.8561,0,-0.5167,814.5703,0,1,0,0,0.5167,0,-0.8561,-164.2077,0,0,0,1
839.5375,839.53,0.013629,0.01484,850.0721,814.4658,0,-164.3794,4.392878,4.392878,20.12176,734.3538,0.25,41.27944,220.3876,0,20.1,-10.44668,0,-17.17198,-0.8543,0,-0.5197,814.4658,0,1,0,0,0.5197,0,-0.8543,-164.3794,0,0,0,1
839.5571,839.55,0.019644,0.015801,850.0924,814.2551,0,-164.7217,4.39252,4.39252,20.206,734.3538,0.25,41.27944,220.6306,0,20.1,-10.56754,0,-17.09787,-0.8506,0,-0.5257,814.2551,0,1,0,0,0.5257,0,-0.8506,-164.7217,0,0,0,1
839.572,839.57,0.01488,0.015617,850.1071,814.0419,0,-165.0626,4.390336,4.390336,20.29389,734.3538,0.25,41.27944,220.8717,0,20.1,-10.68839,0,-17.02258,-0.8469,0,-0.5318,814.0419,0,1,0,0,0.5318,0,-0.8469,-165.0626,0,0,0,1
839.5863,839.58,0.014314,0.015356,850.121,813.9344,0,-165.2324,4.390213,4.390213,20.38178,734.3538,0.25,41.27944,220.9916,0,20.1,-10.74888,0,-16.98446,-0.845,0,-0.5348,813.9344,0,1,0,0,0.5348,0,-0.845,-165.2324,0,0,0,1
839.6004,839.6,0.014125,0.01511,850.1362,813.7177,0,-165.5709,4.38559,4.38559,20.49897,734.3538,0.25,41.27944,221.23,0,20.1,-10.87014,0,-16.9071,-0.8411,0,-0.5408,813.7177,0,1,0,0,0.5408,0,-0.8411,-165.5709,0,0,0,1
839.6143,839.61,0.013839,0.014856,850.149,813.6084,0,-165.7396,4.383066,4.383066,20.66743,734.3538,0.25,41.27944,221.3485,0,20.1,-10.93105,0,-16.86778,-0.8392,0,-0.5438,813.6084,0,1,0,0,0.5438,0,-0.8392,-165.7396,0,0,0,1
839.6342,839.63,0.019948,0.015874,850.1697,813.3879,0,-166.0758,4.380105,4.380105,20.83222,734.3538,0.25,41.27944,221.584,0,20.1,-11.05342,0,-16.78785,-0.8352,0,-0.5499,813.3879,0,1,0,0,0.5499,0,-0.8352,-166.0758,0,0,0,1
839.6483,839.64,0.014075,0.015514,850.1829,813.2767,0,-166.2432,4.375423,4.375423,21.24239,734.3538,0.25,41.27944,221.7011,0,20.1,-11.11559,0,-16.74675,-0.8332,0,-0.553,813.2767,0,1,0,0,0.553,0,-0.8332,-166.2432,0,0,0,1
839.6671,839.66,0.018793,0.01617,850.202,813.0525,0,-166.5769,4.368023,4.368023,21.49874,734.3538,0.25,41.27944,221.9337,0,20.1,-11.24095,0,-16.66287,-0.829,0,-0.5593,813.0525,0,1,0,0,0.5593,0,-0.829,-166.5769,0,0,0,1
839.6809,839.68,0.013809,0.015698,850.2162,812.8258,0,-166.9089,4.361011,4.361011,21.94552,734.3538,0.25,41.27944,222.1644,0,20.1,-11.36826,0,-16.57627,-0.8247,0,-0.5656,812.8258,0,1,0,0,0.5656,0,-0.8247,-166.9089,0,0,0,1
839.6943,839.69,0.013364,0.015231,850.2288,812.7115,0,-167.0742,4.355513,4.355513,22.28245,734.3538,0.25,41.27944,222.2789,0,20.1,-11.43264,0,-16.53193,-0.8225,0,-0.5688,812.7115,0,1,0,0,0.5688,0,-0.8225,-167.0742,0,0,0,1
839.7063,839.7,0.012053,0.014595,850.241,812.5965,0,-167.239,4.350694,4.350694,22.59373,734.3538,0.25,41.27944,222.3929,0,20.1,-11.49774,0,-16.48672,-0.8202,0,-0.572,812.5965,0,1,0,0,0.572,0,-0.8202,-167.239,0,0,0,1
839.7188,839.71,0.012428,0.014162,850.2534,812.4808,0,-167.4035,4.346604,4.346604,22.87571,734.3538,0.25,41.27944,222.5064,0,20.1,-11.56348,0,-16.44069,-0.8179,0,-0.5753,812.4808,0,1,0,0,0.5753,0,-0.8179,-167.4035,0,0,0,1
839.7314,839.73,0.012636,0.013857,850.2668,812.2476,0,-167.7309,4.336047,4.336047,23.19433,734.3538,0.25,41.27944,222.7317,0,20.1,-11.6962,0,-16.34652,-0.8133,0,-0.5819,812.2476,0,1,0,0,0.5819,0,-0.8133,-167.7309,0,0,0,1
839.7445,839.74,0.013159,0.013717,850.2791,812.13,0,-167.8938,4.329924,4.329924,23.47265,734.3538,0.25,41.27944,222.8436,0,20.1,-11.76307,0,-16.29847,-0.8109,0,-0.5852,812.13,0,1,0,0,0.5852,0,-0.8109,-167.8938,0,0,0,1
839.7574,839.75,0.012933,0.01356,850.2919,812.0117,0,-168.0563,4.324518,4.324518,23.78393,734.3538,0.25,41.27944,222.9548,0,20.1,-11.83063,0,-16.2495,-0.8084,0,-0.5886,812.0117,0,1,0,0,0.5886,0,-0.8084,-168.0563,0,0,0,1
839.7781,839.77,0.020605,0.014969,850.3135,811.7731,0,-168.3798,4.313628,4.313628,24.02564,734.3538,0.25,41.27944,223.1756,0,20.1,-11.96649,0,-16.14971,-0.8035,0,-0.5953,811.7731,0,1,0,0,0.5953,0,-0.8035,-168.3798,0,0,0,1
839.7912,839.79,0.013109,0.014597,850.3263,811.5317,0,-168.7013,4.299718,4.299718,24.39918,734.3538,0.25,41.27944,223.394,0,20.1,-12.1036,0,-16.04721,-0.7984,0,-0.6022,811.5317,0,1,0,0,0.6022,0,-0.7984,-168.7013,0,0,0,1
839.8046,839.8,0.013374,0.014353,850.3392,811.4099,0,-168.8612,4.294057,4.294057,24.58594,734.3538,0.25,41.27944,223.5023,0,20.1,-12.17234,0,-15.99513,-0.7958,0,-0.6056,811.4099,0,1,0,0,0.6056,0,-0.7958,-168.8612,0,0,0,1
839.8173,839.81,0.012701,0.014022,850.3518,811.2875,0,-169.0207,4.288646,4.288646,24.75806,734.3538,0.25,41.27944,223.61,0,20.1,-12.24135,0,-15.94238,-0.7932,0,-0.609,811.2875,0,1,0,0,0.609,0,-0.7932,-169.0207,0,0,0,1
839.8294,839.82,0.012142,0.013646,850.364,811.1644,0,-169.1796,4.280243,4.280243,24.86428,734.3538,0.25,41.27944,223.7171,0,20.1,-12.31042,0,-15.88911,-0.7905,0,-0.6125,811.1644,0,1,0,0,0.6125,0,-0.7905,-169.1796,0,0,0,1
839.8418,839.84,0.012409,0.013399,850.3769,810.9161,0,-169.4957,4.265807,4.265807,24.95217,734.3538,0.25,41.27944,223.9295,0,20.1,-12.44834,0,-15.78128,-0.7851,0,-0.6193,810.9161,0,1,0,0,0.6193,0,-0.7851,-169.4957,0,0,0,1
839.8544,839.85,0.012623,0.013244,850.3891,810.791,0,-169.653,4.259765,4.259765,24.99611,734.3538,0.25,41.27944,224.0347,0,20.1,-12.51707,0,-15.72682,-0.7824,0,-0.6227,810.791,0,1,0,0,0.6227,0,-0.7824,-169.653,0,0,0,1
839.8668,839.86,0.012317,0.013058,850.4011,810.665,0,-169.8097,4.252064,4.252064,25.00344,734.3538,0.25,41.27944,224.1394,0,20.1,-12.58558,0,-15.67205,-0.7797,0,-0.6261,810.665,0,1,0,0,0.6261,0,-0.7797,-169.8097,0,0,0,1
839.879,839.87,0.012267,0.0129,850.4136,810.5386,0,-169.9659,4.243358,4.243358,25.00344,734.3538,0.25,41.27944,224.2434,0,20.1,-12.65385,0,-15.61698,-0.777,0,-0.6295,810.5386,0,1,0,0,0.6295,0,-0.777,-169.9659,0,0,0,1
839.8997,839.89,0.020735,0.014467,850.4348,810.2835,0,-170.2766,4.228369,4.228369,25.00344,734.3538,0.25,41.27944,224.4496,0,20.1,-12.78967,0,-15.50595,-0.7714,0,-0.6363,810.2835,0,1,0,0,0.6363,0,-0.7714,-170.2766,0,0,0,1
839.9125,839.91,0.012709,0.014115,850.4472,810.0256,0,-170.585,4.211974,4.211974,25.00344,734.3538,0.25,41.27944,224.6533,0,20.1,-12.92452,0,-15.39373,-0.7659,0,-0.643,810.0256,0,1,0,0,0.643,0,-0.7659,-170.585,0,0,0,1
839.9246,839.92,0.012099,0.013712,850.4591,809.8958,0,-170.7384,4.203028,4.203028,25.00344,734.3538,0.25,41.27944,224.7543,0,20.1,-12.99157,0,-15.33718,-0.763,0,-0.6463,809.8958,0,1,0,0,0.6463,0,-0.763,-170.7384,0,0,0,1
839.9367,839.93,0.012176,0.013405,850.4713,809.7651,0,-170.8912,4.194931,4.194931,25.00344,734.3538,0.25,41.27944,224.8545,0,20.1,-13.05838,0,-15.28034,-0.7602,0,-0.6497,809.7651,0,1,0,0,0.6497,0,-0.7602,-170.8912,0,0,0,1
839.9485,839.94,0.011746,0.013073,850.4829,809.6339,0,-171.0434,4.187522,4.187522,25.00344,734.3538,0.25,41.27944,224.9542,0,20.1,-13.12494,0,-15.22321,-0.7574,0,-0.653,809.6339,0,1,0,0,0.653,0,-0.7574,-171.0434,0,0,0,1
839.9601,839.96,0.011592,0.012777,850.4948,809.3694,0,-171.3461,4.168504,4.168504,25.01442,734.3538,0.25,41.27944,225.1517,0,20.1,-13.25736,0,-15.10803,-0.7516,0,-0.6596,809.3694,0,1,0,0,0.6596,0,-0.7516,-171.3461,0,0,0,1
839.9744,839.97,0.014283,0.013078,850.5088,809.2362,0,-171.4966,4.159334,4.159334,25.01442,734.3538,0.25,41.27944,225.2495,0,20.1,-13.32319,0,-15.05001,-0.7488,0,-0.6628,809.2362,0,1,0,0,0.6628,0,-0.7488,-171.4966,0,0,0,1
839.9863,839.98,0.011906,0.012844,850.5207,809.1023,0,-171.6465,4.150939,4.150939,25.01442,734.3538,0.25,41.27944,225.3466,0,20.1,-13.38877,0,-14.9917,-0.7459,0,-0.6661,809.1023,0,1,0,0,0.6661,0,-0.7459,-171.6465,0,0,0,1
839.9974,839.99,0.01118,0.012511,850.532,808.9678,0,-171.7959,4.142956,4.142956,25.01442,734.3538,0.25,41.27944,225.4431,0,20.1,-13.45409,0,-14.9331,-0.7429,0,-0.6694,808.9678,0,1,0,0,0.6694,0,-0.7429,-171.7959,0,0,0,1
840.0084,840,0.010946,0.012198,850.5429,808.8325,0,-171.9446,4.131976,4.131976,25.01442,734.3538,0.25,41.27944,225.539,0,20.1,-13.51916,0,-14.87422,-0.74,0,-0.6726,808.8325,0,1,0,0,0.6726,0,-0.74,-171.9446,0,0,0,1
840.0201,840.02,0.01179,0.012116,850.555,808.5602,0,-172.2403,4.11226,4.11226,25.01809,734.3538,0.25,41.27944,225.7289,0,20.1,-13.64854,0,-14.75559,-0.7341,0,-0.679,808.5602,0,1,0,0,0.679,0,-0.7341,-172.2403,0,0,0,1
840.0318,840.03,0.011638,0.012021,850.5662,808.4231,0,-172.3873,4.103631,4.103631,25.01809,734.3538,0.25,41.27944,225.8229,0,20.1,-13.71284,0,-14.69586,-0.7311,0,-0.6822,808.4231,0,1,0,0,0.6822,0,-0.7311,-172.3873,0,0,0,1
840.0434,840.04,0.011608,0.011938,850.5779,808.2853,0,-172.5336,4.093316,4.093316,25.01809,734.3538,0.25,41.27944,225.9163,0,20.1,-13.77687,0,-14.63584,-0.7282,0,-0.6854,808.2853,0,1,0,0,0.6854,0,-0.7282,-172.5336,0,0,0,1
840.0541,840.05,0.010688,0.011688,850.5884,808.1469,0,-172.6794,4.082083,4.082083,25.01809,734.3538,0.25,41.27944,226.009,0,20.1,-13.84065,0,-14.57555,-0.7252,0,-0.6886,808.1469,0,1,0,0,0.6886,0,-0.7252,-172.6794,0,0,0,1
840.0659,840.06,0.01183,0.011717,850.6003,808.0079,0,-172.8246,4.071584,4.071584,25.01809,734.3538,0.25,41.27944,226.101,0,20.1,-13.90416,0,-14.51497,-0.7221,0,-0.6917,808.0079,0,1,0,0,0.6917,0,-0.7221,-172.8246,0,0,0,1
840.0773,840.07,0.011417,0.011657,850.6119,807.8682,0,-172.9691,4.061843,4.061843,25.02175,734.3538,0.25,41.27944,226.1925,0,20.1,-13.96742,0,-14.45411,-0.7191,0,-0.6949,807.8682,0,1,0,0,0.6949,0,-0.7191,-172.9691,0,0,0,1
840.0895,840.08,0.012124,0.01175,850.6241,807.7279,0,-173.113,4.052684,4.052684,25.0364,734.3538,0.25,41.27944,226.2833,0,20.1,-14.03044,0,-14.39294,-0.7161,0,-0.698,807.7279,0,1,0,0,0.698,0,-0.7161,-173.113,0,0,0,1
840.1014,840.1,0.011991,0.011798,850.6364,807.4454,0,-173.399,4.028846,4.028846,25.06936,734.3538,0.25,41.27944,226.463,0,20.1,-14.15586,0,-14.26961,-0.7099,0,-0.7043,807.4454,0,1,0,0,0.7043,0,-0.7099,-173.399,0,0,0,1
840.1147,840.11,0.0133,0.012099,850.6493,807.3032,0,-173.5411,4.018134,4.018134,25.13527,734.3538,0.25,41.27944,226.5518,0,20.1,-14.21832,0,-14.20738,-0.7068,0,-0.7074,807.3032,0,1,0,0,0.7074,0,-0.7068,-173.5411,0,0,0,1
840.1328,840.13,0.018064,0.013292,850.6677,807.017,0,-173.8234,3.996811,3.996811,25.25612,734.3538,0.25,41.27944,226.7276,0,20.1,-14.34302,0,-14.08148,-0.7006,0,-0.7136,807.017,0,1,0,0,0.7136,0,-0.7006,-173.8234,0,0,0,1
840.1445,840.14,0.011673,0.012968,850.6791,806.8729,0,-173.9636,3.984264,3.984264,25.4612,734.3538,0.25,41.27944,226.8145,0,20.1,-14.40545,0,-14.0176,-0.6974,0,-0.7167,806.8729,0,1,0,0,0.7167,0,-0.6974,-173.9636,0,0,0,1
840.1573,840.15,0.01288,0.01295,850.692,806.7283,0,-174.1031,3.972501,3.972501,25.63698,734.3538,0.25,41.27944,226.9007,0,20.1,-14.46803,0,-13.953,-0.6942,0,-0.7198,806.7283,0,1,0,0,0.7198,0,-0.6942,-174.1031,0,0,0,1
840.1703,840.17,0.012889,0.012938,850.7054,806.437,0,-174.3802,3.951555,3.951555,25.86405,734.3538,0.25,41.27944,227.0711,0,20.1,-14.59341,0,-13.82181,-0.6877,0,-0.726,806.437,0,1,0,0,0.726,0,-0.6877,-174.3802,0,0,0,1
840.1845,840.18,0.014217,0.013194,850.7194,806.2905,0,-174.5177,3.938041,3.938041,26.15335,734.3538,0.25,41.27944,227.1553,0,20.1,-14.65635,0,-13.75506,-0.6843,0,-0.7292,806.2905,0,1,0,0,0.7292,0,-0.6843,-174.5177,0,0,0,1
840.1971,840.19,0.012638,0.013083,850.7319,806.1432,0,-174.6546,3.925447,3.925447,26.46097,734.3538,0.25,41.27944,227.2388,0,20.1,-14.71971,0,-13.68722,-0.681,0,-0.7323,806.1432,0,1,0,0,0.7323,0,-0.681,-174.6546,0,0,0,1
840.2097,840.2,0.012576,0.012981,850.7442,805.9954,0,-174.7908,3.913685,3.913685,26.71732,734.3538,0.25,41.27944,227.3216,0,20.1,-14.78338,0,-13.61844,-0.6775,0,-0.7355,805.9954,0,1,0,0,0.7355,0,-0.6775,-174.7908,0,0,0,1
840.2219,840.22,0.012171,0.012819,850.7569,805.6978,0,-175.061,3.890786,3.890786,27.0103,734.3538,0.25,41.27944,227.485,0,20.1,-14.91112,0,-13.47845,-0.6706,0,-0.7418,805.6978,0,1,0,0,0.7418,0,-0.6706,-175.061,0,0,0,1
840.2338,840.23,0.011874,0.01263,850.7682,805.548,0,-175.1951,3.877401,3.877401,27.30693,734.3538,0.25,41.27944,227.5657,0,20.1,-14.97519,0,-13.40723,-0.667,0,-0.745,805.548,0,1,0,0,0.745,0,-0.667,-175.1951,0,0,0,1
840.2461,840.24,0.012362,0.012577,850.7811,805.3976,0,-175.3285,3.864923,3.864923,27.59258,734.3538,0.25,41.27944,227.6456,0,20.1,-15.03958,0,-13.33496,-0.6634,0,-0.7482,805.3976,0,1,0,0,0.7482,0,-0.6634,-175.3285,0,0,0,1
840.2673,840.26,0.02118,0.014297,850.8022,805.0949,0,-175.593,3.842617,3.842617,27.90387,734.3538,0.25,41.27944,227.8031,0,20.1,-15.16875,0,-13.18784,-0.6561,0,-0.7547,805.0949,0,1,0,0,0.7547,0,-0.6561,-175.593,0,0,0,1
840.2817,840.28,0.014481,0.014334,850.8173,804.7896,0,-175.8545,3.815824,3.815824,28.35065,734.3538,0.25,41.27944,227.9576,0,20.1,-15.29852,0,-13.03708,-0.6486,0,-0.7611,804.7896,0,1,0,0,0.7611,0,-0.6486,-175.8545,0,0,0,1
840.2944,840.29,0.012624,0.013992,850.8292,804.6359,0,-175.9841,3.803605,3.803605,28.63997,734.3538,0.25,41.27944,228.0337,0,20.1,-15.36349,0,-12.96045,-0.6448,0,-0.7644,804.6359,0,1,0,0,0.7644,0,-0.6448,-175.9841,0,0,0,1
840.3082,840.3,0.013842,0.013962,850.8431,804.4816,0,-176.1129,3.792367,3.792367,28.89632,734.3538,0.25,41.27944,228.109,0,20.1,-15.42866,0,-12.8828,-0.6409,0,-0.7676,804.4816,0,1,0,0,0.7676,0,-0.6409,-176.1129,0,0,0,1
840.3221,840.32,0.013833,0.013936,850.857,804.1711,0,-176.3682,3.766874,3.766874,29.10506,734.3538,0.25,41.27944,228.2572,0,20.1,-15.55875,0,-12.72539,-0.6331,0,-0.7741,804.1711,0,1,0,0,0.7741,0,-0.6331,-176.3682,0,0,0,1
840.3358,840.33,0.013722,0.013893,850.8705,804.0148,0,-176.4946,3.75423,3.75423,29.31013,734.3538,0.25,41.27944,228.33,0,20.1,-15.62364,0,-12.64563,-0.6291,0,-0.7773,804.0148,0,1,0,0,0.7773,0,-0.6291,-176.4946,0,0,0,1
840.3553,840.35,0.01959,0.015033,850.8902,803.7004,0,-176.7451,3.731746,3.731746,29.48592,734.3538,0.25,41.27944,228.4734,0,20.1,-15.75296,0,-12.48416,-0.6211,0,-0.7837,803.7004,0,1,0,0,0.7837,0,-0.6211,-176.7451,0,0,0,1
840.368,840.36,0.012674,0.014561,850.9029,803.5422,0,-176.8692,3.718498,3.718498,29.72397,734.3538,0.25,41.27944,228.5439,0,20.1,-15.81752,0,-12.40227,-0.617,0,-0.7869,803.5422,0,1,0,0,0.7869,0,-0.617,-176.8692,0,0,0,1
840.3887,840.38,0.020599,0.015769,850.9236,803.2239,0,-177.1147,3.693367,3.693367,29.84482,734.3538,0.25,41.27944,228.6823,0,20.1,-15.94586,0,-12.23681,-0.6088,0,-0.7933,803.2239,0,1,0,0,0.7933,0,-0.6088,-177.1147,0,0,0,1
840.4026,840.4,0.013953,0.015405,850.9377,802.9031,0,-177.357,3.670948,3.670948,30.0499,734.3538,0.25,41.27944,228.8174,0,20.1,-16.07334,0,-12.06888,-0.6004,0,-0.7997,802.9031,0,1,0,0,0.7997,0,-0.6004,-177.357,0,0,0,1
840.4164,840.41,0.013825,0.015089,850.9514,802.7418,0,-177.4768,3.657555,3.657555,30.17075,734.3538,0.25,41.27944,228.8837,0,20.1,-16.13667,0,-11.98408,-0.5962,0,-0.8028,802.7418,0,1,0,0,0.8028,0,-0.5962,-177.4768,0,0,0,1
840.4284,840.42,0.011955,0.014462,850.9633,802.5798,0,-177.5958,3.645147,3.645147,30.24399,734.3538,0.25,41.27944,228.9492,0,20.1,-16.1997,0,-11.89873,-0.592,0,-0.806,802.5798,0,1,0,0,0.806,0,-0.592,-177.5958,0,0,0,1
840.4416,840.44,0.013217,0.014213,850.9767,802.2539,0,-177.8312,3.623295,3.623295,30.28793,734.3538,0.25,41.27944,229.0775,0,20.1,-16.32459,0,-11.7268,-0.5834,0,-0.8122,802.2539,0,1,0,0,0.8122,0,-0.5834,-177.8312,0,0,0,1
840.4537,840.45,0.012068,0.013784,850.9882,802.09,0,-177.9476,3.610895,3.610895,30.34653,734.3538,0.25,41.27944,229.1404,0,20.1,-16.38647,0,-11.64017,-0.5791,0,-0.8152,802.09,0,1,0,0,0.8152,0,-0.5791,-177.9476,0,0,0,1
840.4656,840.46,0.011899,0.013407,851.0002,801.9255,0,-178.0631,3.598174,3.598174,30.43076,734.3538,0.25,41.27944,229.2025,0,20.1,-16.44806,0,-11.55297,-0.5748,0,-0.8183,801.9255,0,1,0,0,0.8183,0,-0.5748,-178.0631,0,0,0,1
840.48,840.47,0.01439,0.013604,851.0148,801.7604,0,-178.1778,3.586457,3.586457,30.50035,734.3538,0.25,41.27944,229.2636,0,20.1,-16.50933,0,-11.46525,-0.5704,0,-0.8214,801.7604,0,1,0,0,0.8214,0,-0.5704,-178.1778,0,0,0,1
840.5,840.5,0.020065,0.014896,851.036,801.2615,0,-178.5164,3.552459,3.552459,30.59557,734.3538,0.25,41.27944,229.442,0,20.1,-16.69087,0,-11.19932,-0.5572,0,-0.8304,801.2615,0,1,0,0,0.8304,0,-0.5572,-178.5164,0,0,0,1
840.5142,840.51,0.01415,0.014747,851.0487,801.094,0,-178.6275,3.540501,3.540501,30.69078,734.3538,0.25,41.27944,229.4997,0,20.1,-16.75063,0,-11.10975,-0.5527,0,-0.8334,801.094,0,1,0,0,0.8334,0,-0.5527,-178.6275,0,0,0,1
840.5339,840.53,0.019738,0.015745,851.0688,800.7572,0,-178.847,3.519552,3.519552,30.72374,734.3538,0.25,41.27944,229.6126,0,20.1,-16.86881,0,-10.92948,-0.5438,0,-0.8392,800.7572,0,1,0,0,0.8392,0,-0.5438,-178.847,0,0,0,1
840.5463,840.54,0.012406,0.015077,851.0808,800.588,0,-178.9554,3.508229,3.508229,30.73473,734.3538,0.25,41.27944,229.6677,0,20.1,-16.9272,0,-10.83883,-0.5392,0,-0.8421,800.588,0,1,0,0,0.8421,0,-0.5392,-178.9554,0,0,0,1
840.5603,840.56,0.013971,0.014856,851.0955,800.2477,0,-179.1694,3.484822,3.484822,30.73473,734.3538,0.25,41.27944,229.7753,0,20.1,-17.0425,0,-10.65661,-0.5302,0,-0.8479,800.2477,0,1,0,0,0.8479,0,-0.5302,-179.1694,0,0,0,1
840.5721,840.57,0.011855,0.014256,851.1067,800.0767,0,-179.2751,3.474606,3.474606,30.73473,734.3538,0.25,41.27944,229.8277,0,20.1,-17.09942,0,-10.56503,-0.5256,0,-0.8507,800.0767,0,1,0,0,0.8507,0,-0.5256,-179.2751,0,0,0,1
840.5839,840.58,0.011722,0.013749,851.1183,799.905,0,-179.3799,3.465407,3.465407,30.73473,734.3538,0.25,41.27944,229.8793,0,20.1,-17.15585,0,-10.47316,-0.5211,0,-0.8535,799.905,0,1,0,0,0.8535,0,-0.5211,-179.3799,0,0,0,1
840.597,840.59,0.013123,0.013624,851.1315,799.733,0,-179.4837,3.453076,3.453076,30.73473,734.3538,0.25,41.27944,229.9301,0,20.1,-17.21178,0,-10.38098,-0.5165,0,-0.8563,799.733,0,1,0,0,0.8563,0,-0.5165,-179.4837,0,0,0,1
840.6111,840.61,0.014145,0.013728,851.1459,799.3871,0,-179.6885,3.431148,3.431148,30.73473,734.3538,0.25,41.27944,230.0289,0,20.1,-17.32216,0,-10.19573,-0.5073,0,-0.8618,799.3871,0,1,0,0,0.8618,0,-0.5073,-179.6885,0,0,0,1
840.6229,840.62,0.011741,0.013331,851.1576,799.2133,0,-179.7895,3.421673,3.421673,30.73473,734.3538,0.25,41.27944,230.0769,0,20.1,-17.3766,0,-10.10266,-0.5026,0,-0.8645,799.2133,0,1,0,0,0.8645,0,-0.5026,-179.7895,0,0,0,1
840.6345,840.63,0.011588,0.012982,851.1691,799.039,0,-179.8896,3.411623,3.411623,30.73473,734.3538,0.25,41.27944,230.1242,0,20.1,-17.43055,0,-10.00931,-0.498,0,-0.8672,799.039,0,1,0,0,0.8672,0,-0.498,-179.8896,0,0,0,1
840.6465,840.64,0.012092,0.012804,851.1811,798.8641,0,-179.9888,3.399934,3.399934,30.72008,734.3538,0.25,41.27944,230.1705,0,20.1,-17.48396,0,-9.915703,-0.4933,0,-0.8698,798.8641,0,1,0,0,0.8698,0,-0.4933,-179.9888,0,0,0,1
840.6664,840.66,0.019899,0.014223,851.2017,798.5129,0,-180.1843,3.379478,3.379478,30.70543,734.3538,0.25,41.27944,230.2605,0,20.1,-17.58923,0,-9.72774,-0.484,0,-0.8751,798.5129,0,1,0,0,0.8751,0,-0.484,-180.1843,0,0,0,1
840.679,840.67,0.012487,0.013876,851.2135,798.3365,0,-180.2806,3.370835,3.370835,30.6505,734.3538,0.25,41.27944,230.3041,0,20.1,-17.64102,0,-9.633509,-0.4793,0,-0.8777,798.3365,0,1,0,0,0.8777,0,-0.4793,-180.2806,0,0,0,1
840.6917,840.69,0.01272,0.013645,851.2269,797.9821,0,-180.4705,3.348857,3.348857,30.60289,734.3538,0.25,41.27944,230.3888,0,20.1,-17.74292,0,-9.444513,-0.4699,0,-0.8827,797.9821,0,1,0,0,0.8827,0,-0.4699,-180.4705,0,0,0,1
840.7065,840.7,0.014851,0.013886,851.2413,797.8042,0,-180.5639,3.338864,3.338864,30.5443,734.3538,0.25,41.27944,230.4299,0,20.1,-17.79302,0,-9.349791,-0.4652,0,-0.8852,797.8042,0,1,0,0,0.8852,0,-0.4652,-180.5639,0,0,0,1
840.7194,840.71,0.012863,0.013682,851.2539,797.6258,0,-180.6565,3.329867,3.329867,30.42709,734.3538,0.25,41.27944,230.47,0,20.1,-17.84242,0,-9.255171,-0.4605,0,-0.8877,797.6258,0,1,0,0,0.8877,0,-0.4605,-180.6565,0,0,0,1
840.7324,840.73,0.013,0.013545,851.2676,797.2675,0,-180.8388,3.309869,3.309869,30.30991,734.3538,0.25,41.27944,230.5477,0,20.1,-17.93934,0,-9.065881,-0.451,0,-0.8925,797.2675,0,1,0,0,0.8925,0,-0.451,-180.8388,0,0,0,1
840.746,840.74,0.013629,0.013562,851.2807,797.0876,0,-180.9285,3.299606,3.299606,30.16708,734.3538,0.25,41.27944,230.5852,0,20.1,-17.98682,0,-8.971307,-0.4463,0,-0.8949,797.0876,0,1,0,0,0.8949,0,-0.4463,-180.9285,0,0,0,1
840.759,840.75,0.013008,0.013451,851.2936,796.9073,0,-181.0172,3.290316,3.290316,30.0206,734.3538,0.25,41.27944,230.6219,0,20.1,-18.03358,0,-8.876938,-0.4416,0,-0.8972,796.9073,0,1,0,0,0.8972,0,-0.4416,-181.0172,0,0,0,1
840.7784,840.77,0.019443,0.01465,851.3174,796.5452,0,-181.192,3.272222,3.272222,29.86313,734.3538,0.25,41.27944,230.6926,0,20.1,-18.12514,0,-8.688475,-0.4323,0,-0.9017,796.5452,0,1,0,0,0.9017,0,-0.4323,-181.192,0,0,0,1
840.8028,840.8,0.024331,0.016586,851.3382,795.9988,0,-181.447,3.243147,3.243147,29.55185,734.3538,0.25,41.27944,230.7923,0,20.1,-18.2574,0,-8.406987,-0.4183,0,-0.9083,795.9988,0,1,0,0,0.9083,0,-0.4183,-181.447,0,0,0,1
840.8187,840.81,0.015914,0.016451,851.3537,795.8159,0,-181.5301,3.235401,3.235401,29.27718,734.3538,0.25,41.27944,230.8239,0,20.1,-18.30012,0,-8.313584,-0.4136,0,-0.9105,795.8159,0,1,0,0,0.9105,0,-0.4136,-181.5301,0,0,0,1
840.8326,840.83,0.0139,0.015941,851.3678,795.4486,0,-181.6936,3.214315,3.214315,29.05013,734.3538,0.25,41.27944,230.8845,0,20.1,-18.38348,0,-8.127592,-0.4044,0,-0.9146,795.4486,0,1,0,0,0.9146,0,-0.4044,-181.6936,0,0,0,1
840.847,840.84,0.014404,0.015634,851.3815,795.2643,0,-181.774,3.205117,3.205117,28.84871,734.3538,0.25,41.27944,230.9135,0,20.1,-18.42417,0,-8.034929,-0.3997,0,-0.9166,795.2643,0,1,0,0,0.9166,0,-0.3997,-181.774,0,0,0,1
840.8615,840.86,0.01445,0.015397,851.3969,794.8947,0,-181.9319,3.188007,3.188007,28.66194,734.3538,0.25,41.27944,230.9691,0,20.1,-18.50363,0,-7.850192,-0.3906,0,-0.9206,794.8947,0,1,0,0,0.9206,0,-0.3906,-181.9319,0,0,0,1
840.8779,840.87,0.016433,0.015604,851.4128,794.7092,0,-182.0095,3.177367,3.177367,28.48981,734.3538,0.25,41.27944,230.9957,0,20.1,-18.54244,0,-7.758088,-0.386,0,-0.9225,794.7092,0,1,0,0,0.9225,0,-0.386,-182.0095,0,0,0,1
840.892,840.89,0.014108,0.015305,851.4271,794.3373,0,-182.1619,3.158786,3.158786,28.28473,734.3538,0.25,41.27944,231.0464,0,20.1,-18.61814,0,-7.574642,-0.3768,0,-0.9263,794.3373,0,1,0,0,0.9263,0,-0.3768,-182.1619,0,0,0,1
840.9116,840.91,0.01962,0.016168,851.4471,793.9639,0,-182.3106,3.140738,3.140738,28.11261,734.3538,0.25,41.27944,231.0939,0,20.1,-18.69157,0,-7.391572,-0.3677,0,-0.9299,793.9639,0,1,0,0,0.9299,0,-0.3677,-182.3106,0,0,0,1
840.9253,840.92,0.013681,0.015671,851.4599,793.7766,0,-182.3836,3.130373,3.130373,27.93683,734.3538,0.25,41.27944,231.1164,0,20.1,-18.72739,0,-7.30035,-0.3632,0,-0.9317,793.7766,0,1,0,0,0.9317,0,-0.3632,-182.3836,0,0,0,1
840.9382,840.93,0.012954,0.015127,851.4731,793.589,0,-182.4557,3.120911,3.120911,27.80133,734.3538,0.25,41.27944,231.1382,0,20.1,-18.76259,0,-7.209392,-0.3587,0,-0.9335,793.589,0,1,0,0,0.9335,0,-0.3587,-182.4557,0,0,0,1
840.9515,840.95,0.013217,0.014745,851.4865,793.2126,0,-182.5972,3.10428,3.10428,27.68414,734.3538,0.25,41.27944,231.1792,0,20.1,-18.83138,0,-7.027743,-0.3496,0,-0.9369,793.2126,0,1,0,0,0.9369,0,-0.3496,-182.5972,0,0,0,1
840.9653,840.96,0.013837,0.014564,851.5,793.024,0,-182.6665,3.093217,3.093217,27.59624,734.3538,0.25,41.27944,231.1986,0,20.1,-18.86501,0,-6.936964,-0.3451,0,-0.9386,793.024,0,1,0,0,0.9386,0,-0.3451,-182.6665,0,0,0,1
840.978,840.97,0.012677,0.014186,851.5126,792.8351,0,-182.735,3.083064,3.083064,27.50835,734.3538,0.25,41.27944,231.2172,0,20.1,-18.8981,0,-6.846307,-0.3406,0,-0.9402,792.8351,0,1,0,0,0.9402,0,-0.3406,-182.735,0,0,0,1
840.9899,840.98,0.011884,0.013726,851.5245,792.6458,0,-182.8026,3.073841,3.073841,27.42412,734.3538,0.25,41.27944,231.235,0,20.1,-18.93065,0,-6.755777,-0.3361,0,-0.9418,792.6458,0,1,0,0,0.9418,0,-0.3361,-182.8026,0,0,0,1
841.0109,841.01,0.021036,0.015188,851.5463,792.0759,0,-182.9998,3.04512,3.04512,27.35454,734.3538,0.25,41.27944,231.2837,0,20.1,-19.02547,0,-6.483951,-0.3226,0,-0.9465,792.0759,0,1,0,0,0.9465,0,-0.3226,-182.9998,0,0,0,1
841.0238,841.02,0.012905,0.014731,851.5583,791.8854,0,-183.0637,3.035146,3.035146,27.18242,734.3538,0.25,41.27944,231.2983,0,20.1,-19.05602,0,-6.393616,-0.3181,0,-0.9481,791.8854,0,1,0,0,0.9481,0,-0.3181,-183.0637,0,0,0,1
841.0433,841.04,0.019498,0.015684,851.5782,791.5034,0,-183.1889,3.017849,3.017849,27.07988,734.3538,0.25,41.27944,231.3254,0,20.1,-19.1156,0,-6.213203,-0.3091,0,-0.951,791.5034,0,1,0,0,0.951,0,-0.3091,-183.1889,0,0,0,1
841.0558,841.05,0.012547,0.015057,851.5904,791.3119,0,-183.2501,3.006916,3.006916,26.91143,734.3538,0.25,41.27944,231.3377,0,20.1,-19.14458,0,-6.123352,-0.3046,0,-0.9525,791.3119,0,1,0,0,0.9525,0,-0.3046,-183.2501,0,0,0,1
841.0679,841.06,0.012025,0.014451,851.6026,791.1201,0,-183.3105,2.996172,2.996172,26.80523,734.3538,0.25,41.27944,231.3493,0,20.1,-19.17301,0,-6.033718,-0.3002,0,-0.9539,791.1201,0,1,0,0,0.9539,0,-0.3002,-183.3105,0,0,0,1
841.0795,841.07,0.011577,0.013876,851.614,790.9282,0,-183.3699,2.986282,2.986282,26.68802,734.3538,0.25,41.27944,231.3601,0,20.1,-19.20091,0,-5.944345,-0.2957,0,-0.9553,790.9282,0,1,0,0,0.9553,0,-0.2957,-183.3699,0,0,0,1
841.0922,841.09,0.012718,0.013644,851.6271,790.5433,0,-183.4861,2.968275,2.968275,26.57816,734.3538,0.25,41.27944,231.3795,0,20.1,-19.25523,0,-5.765955,-0.2869,0,-0.958,790.5433,0,1,0,0,0.958,0,-0.2869,-183.4861,0,0,0,1
841.1047,841.1,0.012578,0.013431,851.6392,790.3505,0,-183.5429,2.956681,2.956681,26.44632,734.3538,0.25,41.27944,231.388,0,20.1,-19.28164,0,-5.677017,-0.2824,0,-0.9593,790.3505,0,1,0,0,0.9593,0,-0.2824,-183.5429,0,0,0,1
841.1179,841.11,0.013113,0.013367,851.6528,790.1575,0,-183.5988,2.945971,2.945971,26.35477,734.3538,0.25,41.27944,231.3958,0,20.1,-19.30755,0,-5.588265,-0.278,0,-0.9606,790.1575,0,1,0,0,0.9606,0,-0.278,-183.5988,0,0,0,1
841.1305,841.13,0.01266,0.013226,851.6657,789.7705,0,-183.7079,2.927133,2.927133,26.25956,734.3538,0.25,41.27944,231.4092,0,20.1,-19.35796,0,-5.411051,-0.2692,0,-0.9631,789.7705,0,1,0,0,0.9631,0,-0.2692,-183.7079,0,0,0,1
841.1426,841.14,0.012071,0.012995,851.6771,789.5767,0,-183.7611,2.916594,2.916594,26.15335,734.3538,0.25,41.27944,231.4147,0,20.1,-19.38246,0,-5.322632,-0.2648,0,-0.9643,789.5767,0,1,0,0,0.9643,0,-0.2648,-183.7611,0,0,0,1
841.1541,841.15,0.011539,0.012704,851.6888,789.3826,0,-183.8134,2.904998,2.904998,26.06546,734.3538,0.25,41.27944,231.4196,0,20.1,-19.40647,0,-5.234401,-0.2604,0,-0.9655,789.3826,0,1,0,0,0.9655,0,-0.2604,-183.8134,0,0,0,1
841.1678,841.16,0.013638,0.012891,851.7025,789.1883,0,-183.8649,2.894244,2.894244,25.98124,734.3538,0.25,41.27944,231.4237,0,20.1,-19.43001,0,-5.146346,-0.256,0,-0.9667,789.1883,0,1,0,0,0.9667,0,-0.256,-183.8649,0,0,0,1
841.1824,841.18,0.014578,0.013228,851.7176,788.799,0,-183.9652,2.87525,2.87525,25.87503,734.3538,0.25,41.27944,231.4297,0,20.1,-19.47569,0,-4.970644,-0.2473,0,-0.9689,788.799,0,1,0,0,0.9689,0,-0.2473,-183.9652,0,0,0,1
841.2001,841.2,0.017718,0.014126,851.7355,788.4088,0,-184.062,2.851444,2.851444,25.77614,734.3538,0.25,41.27944,231.4327,0,20.1,-19.51963,0,-4.795213,-0.2386,0,-0.9711,788.4088,0,1,0,0,0.9711,0,-0.2386,-184.062,0,0,0,1
841.2153,841.21,0.015207,0.014342,851.7499,788.2134,0,-184.109,2.840596,2.840596,25.68459,734.3538,0.25,41.27944,231.4332,0,20.1,-19.54093,0,-4.707662,-0.2342,0,-0.9722,788.2134,0,1,0,0,0.9722,0,-0.2342,-184.109,0,0,0,1
841.2283,841.22,0.012975,0.014069,851.7634,788.0178,0,-184.1552,2.830581,2.830581,25.61501,734.3538,0.25,41.27944,231.4329,0,20.1,-19.56178,0,-4.620255,-0.2299,0,-0.9732,788.0178,0,1,0,0,0.9732,0,-0.2299,-184.1552,0,0,0,1
841.2414,841.24,0.013128,0.013881,851.7768,787.6259,0,-184.245,2.807676,2.807676,25.5674,734.3538,0.25,41.27944,231.4302,0,20.1,-19.60224,0,-4.445485,-0.2212,0,-0.9752,787.6259,0,1,0,0,0.9752,0,-0.2212,-184.245,0,0,0,1
841.2556,841.25,0.014182,0.013941,851.79,787.4297,0,-184.2886,2.795856,2.795856,25.49782,734.3538,0.25,41.27944,231.4277,0,20.1,-19.62183,0,-4.358209,-0.2168,0,-0.9762,787.4297,0,1,0,0,0.9762,0,-0.2168,-184.2886,0,0,0,1
841.269,841.26,0.013468,0.013846,851.8036,787.2333,0,-184.3313,2.784863,2.784863,25.42824,734.3538,0.25,41.27944,231.4246,0,20.1,-19.64098,0,-4.271084,-0.2125,0,-0.9772,787.2333,0,1,0,0,0.9772,0,-0.2125,-184.3313,0,0,0,1
841.2899,841.28,0.020848,0.015246,851.8256,786.8399,0,-184.4141,2.762845,2.762845,25.35866,734.3538,0.25,41.27944,231.4161,0,20.1,-19.67801,0,-4.097057,-0.2038,0,-0.979,786.8399,0,1,0,0,0.979,0,-0.2038,-184.4141,0,0,0,1
841.3052,841.3,0.015348,0.015267,851.8401,786.4458,0,-184.4935,2.738008,2.738008,25.23781,734.3538,0.25,41.27944,231.4048,0,20.1,-19.71334,0,-3.923548,-0.1952,0,-0.9808,786.4458,0,1,0,0,0.9808,0,-0.1952,-184.4935,0,0,0,1
841.3242,841.32,0.01899,0.016011,851.8594,786.051,0,-184.5693,2.716469,2.716469,25.14992,734.3538,0.25,41.27944,231.3906,0,20.1,-19.74703,0,-3.750338,-0.1866,0,-0.9824,786.051,0,1,0,0,0.9824,0,-0.1866,-184.5693,0,0,0,1
841.3372,841.33,0.012989,0.015407,851.8718,785.8534,0,-184.606,2.702983,2.702983,24.98513,734.3538,0.25,41.27944,231.3825,0,20.1,-19.76319,0,-3.664189,-0.1823,0,-0.9832,785.8534,0,1,0,0,0.9832,0,-0.1823,-184.606,0,0,0,1
841.3503,841.35,0.013107,0.014947,851.8858,785.4576,0,-184.6767,2.677698,2.677698,24.84597,734.3538,0.25,41.27944,231.3641,0,20.1,-19.79423,0,-3.492649,-0.1738,0,-0.9848,785.4576,0,1,0,0,0.9848,0,-0.1738,-184.6767,0,0,0,1
841.3642,841.36,0.013912,0.01474,851.8989,785.2595,0,-184.7108,2.666274,2.666274,24.65552,734.3538,0.25,41.27944,231.3539,0,20.1,-19.80907,0,-3.407439,-0.1695,0,-0.9855,785.2595,0,1,0,0,0.9855,0,-0.1695,-184.7108,0,0,0,1
841.377,841.37,0.012715,0.014335,851.9117,785.0613,0,-184.744,2.654613,2.654613,24.46876,734.3538,0.25,41.27944,231.343,0,20.1,-19.82345,0,-3.322813,-0.1653,0,-0.9862,785.0613,0,1,0,0,0.9862,0,-0.1653,-184.744,0,0,0,1
841.3904,841.39,0.013465,0.014161,851.9258,784.6644,0,-184.8079,2.62706,2.62706,24.2417,734.3538,0.25,41.27944,231.3192,0,20.1,-19.85085,0,-3.154949,-0.157,0,-0.9876,784.6644,0,1,0,0,0.9876,0,-0.157,-184.8079,0,0,0,1
841.4111,841.41,0.020714,0.015471,851.9461,784.267,0,-184.8685,2.602662,2.602662,24.00367,734.3538,0.25,41.27944,231.2927,0,20.1,-19.87659,0,-2.988511,-0.1487,0,-0.9889,784.267,0,1,0,0,0.9889,0,-0.1487,-184.8685,0,0,0,1
841.4238,841.42,0.012743,0.014926,851.9586,784.0681,0,-184.8976,2.589248,2.589248,23.67406,734.3538,0.25,41.27944,231.2785,0,20.1,-19.88877,0,-2.90636,-0.1446,0,-0.9895,784.0681,0,1,0,0,0.9895,0,-0.1446,-184.8976,0,0,0,1
841.444,841.44,0.020157,0.015972,851.9793,783.6699,0,-184.9533,2.560845,2.560845,23.46899,734.3538,0.25,41.27944,231.2481,0,20.1,-19.91191,0,-2.743331,-0.1365,0,-0.9906,783.6699,0,1,0,0,0.9906,0,-0.1365,-184.9533,0,0,0,1
841.4575,841.45,0.013432,0.015464,851.9919,783.4708,0,-184.9799,2.547744,2.547744,23.1101,734.3538,0.25,41.27944,231.2319,0,20.1,-19.92282,0,-2.662997,-0.1325,0,-0.9912,783.4708,0,1,0,0,0.9912,0,-0.1325,-184.9799,0,0,0,1
841.4694,841.46,0.011916,0.014754,852.0039,783.2714,0,-185.0058,2.535436,2.535436,22.93797,734.3538,0.25,41.27944,231.2151,0,20.1,-19.93332,0,-2.583214,-0.1285,0,-0.9917,783.2714,0,1,0,0,0.9917,0,-0.1285,-185.0058,0,0,0,1
841.4813,841.48,0.011888,0.014181,852.0161,782.8724,0,-185.055,2.504951,2.504951,22.76951,734.3538,0.25,41.27944,231.1797,0,20.1,-19.95322,0,-2.424702,-0.1206,0,-0.9927,782.8724,0,1,0,0,0.9927,0,-0.1206,-185.055,0,0,0,1
841.4935,841.49,0.012258,0.013797,852.0281,782.6728,0,-185.0785,2.490518,2.490518,22.6157,734.3538,0.25,41.27944,231.161,0,20.1,-19.96263,0,-2.345925,-0.1167,0,-0.9932,782.6728,0,1,0,0,0.9932,0,-0.1167,-185.0785,0,0,0,1
841.5056,841.5,0.012108,0.013459,852.0401,782.4731,0,-185.1012,2.476823,2.476823,22.45823,734.3538,0.25,41.27944,231.1418,0,20.1,-19.97167,0,-2.267661,-0.1128,0,-0.9936,782.4731,0,1,0,0,0.9936,0,-0.1128,-185.1012,0,0,0,1
841.5181,841.51,0.012431,0.013253,852.0526,782.2733,0,-185.123,2.463189,2.463189,22.30442,734.3538,0.25,41.27944,231.1219,0,20.1,-19.98035,0,-2.189898,-0.109,0,-0.994,782.2733,0,1,0,0,0.994,0,-0.109,-185.123,0,0,0,1
841.5292,841.52,0.011107,0.012824,852.0639,782.0734,0,-185.1442,2.446581,2.446581,22.18357,734.3538,0.25,41.27944,231.1014,0,20.1,-19.98868,0,-2.112523,-0.1051,0,-0.9945,782.0734,0,1,0,0,0.9945,0,-0.1051,-185.1442,0,0,0,1
841.5415,841.54,0.012331,0.012725,852.0763,781.6733,0,-185.1841,2.415526,2.415526,22.05173,734.3538,0.25,41.27944,231.0587,0,20.1,-20.00435,0,-1.958599,-0.0974,0,-0.9952,781.6733,0,1,0,0,0.9952,0,-0.0974,-185.1841,0,0,0,1
841.5546,841.55,0.013074,0.012795,852.0891,781.4732,0,-185.2029,2.401114,2.401114,21.93819,734.3538,0.25,41.27944,231.0364,0,20.1,-20.0117,0,-1.881989,-0.0936,0,-0.9956,781.4732,0,1,0,0,0.9956,0,-0.0936,-185.2029,0,0,0,1
841.5674,841.56,0.012913,0.012819,852.1022,781.273,0,-185.221,2.385468,2.385468,21.80636,734.3538,0.25,41.27944,231.0136,0,20.1,-20.01872,0,-1.805812,-0.0898,0,-0.996,781.273,0,1,0,0,0.996,0,-0.0898,-185.221,0,0,0,1
841.5889,841.58,0.021424,0.01454,852.1238,780.8724,0,-185.2548,2.351426,2.351426,21.70382,734.3538,0.25,41.27944,230.9661,0,20.1,-20.03183,0,-1.6541,-0.0823,0,-0.9966,780.8724,0,1,0,0,0.9966,0,-0.0823,-185.2548,0,0,0,1
841.6021,841.6,0.013173,0.014266,852.1372,780.4717,0,-185.2857,2.320207,2.320207,21.52804,734.3538,0.25,41.27944,230.9164,0,20.1,-20.04369,0,-1.503521,-0.0748,0,-0.9972,780.4717,0,1,0,0,0.9972,0,-0.0748,-185.2857,0,0,0,1
841.6217,841.62,0.01961,0.015335,852.1569,780.0706,0,-185.3135,2.284333,2.284333,21.4255,734.3538,0.25,41.27944,230.8643,0,20.1,-20.05437,0,-1.353573,-0.0673,0,-0.9977,780.0706,0,1,0,0,0.9977,0,-0.0673,-185.3135,0,0,0,1
841.6345,841.63,0.012842,0.014837,852.1693,779.8699,0,-185.3263,2.266817,2.266817,21.25338,734.3538,0.25,41.27944,230.8374,0,20.1,-20.05925,0,-1.279171,-0.0636,0,-0.998,779.8699,0,1,0,0,0.998,0,-0.0636,-185.3263,0,0,0,1
841.6489,841.64,0.014318,0.014733,852.1836,779.6693,0,-185.3383,2.250004,2.250004,21.11788,734.3538,0.25,41.27944,230.81,0,20.1,-20.06383,0,-1.20523,-0.06,0,-0.9982,779.6693,0,1,0,0,0.9982,0,-0.06,-185.3383,0,0,0,1
841.6613,841.66,0.012456,0.014278,852.1964,779.2679,0,-185.3602,2.214109,2.214109,20.97871,734.3538,0.25,41.27944,230.7535,0,20.1,-20.07212,0,-1.058274,-0.0527,0,-0.9986,779.2679,0,1,0,0,0.9986,0,-0.0527,-185.3602,0,0,0,1
841.6741,841.67,0.012758,0.013974,852.2087,779.0671,0,-185.3701,2.194979,2.194979,20.86152,734.3538,0.25,41.27944,230.7244,0,20.1,-20.07584,0,-0.985186,-0.049,0,-0.9988,779.0671,0,1,0,0,0.9988,0,-0.049,-185.3701,0,0,0,1
841.6856,841.68,0.011575,0.013494,852.2202,778.8663,0,-185.3792,2.176522,2.176522,20.74433,734.3538,0.25,41.27944,230.6947,0,20.1,-20.07928,0,-0.912493,-0.0454,0,-0.999,778.8663,0,1,0,0,0.999,0,-0.0454,-185.3792,0,0,0,1
841.699,841.69,0.01341,0.013477,852.2336,778.6655,0,-185.3876,2.158753,2.158753,20.63813,734.3538,0.25,41.27944,230.6645,0,20.1,-20.08244,0,-0.840161,-0.0418,0,-0.9991,778.6655,0,1,0,0,0.9991,0,-0.0418,-185.3876,0,0,0,1
841.7103,841.71,0.011226,0.013027,852.2451,778.2638,0,-185.4023,2.119814,2.119814,20.51362,734.3538,0.25,41.27944,230.6025,0,20.1,-20.08794,0,-0.696337,-0.0346,0,-0.9994,778.2638,0,1,0,0,0.9994,0,-0.0346,-185.4023,0,0,0,1
841.7225,841.72,0.012194,0.01286,852.2571,778.0629,0,-185.4085,2.099698,2.099698,20.41841,734.3538,0.25,41.27944,230.5706,0,20.1,-20.09029,0,-0.624742,-0.0311,0,-0.9995,778.0629,0,1,0,0,0.9995,0,-0.0311,-185.4085,0,0,0,1
841.735,841.73,0.012507,0.01279,852.2696,777.8619,0,-185.414,2.080226,2.080226,20.32685,734.3538,0.25,41.27944,230.5383,0,20.1,-20.09238,0,-0.553465,-0.0275,0,-0.9996,777.8619,0,1,0,0,0.9996,0,-0.0275,-185.414,0,0,0,1
841.7548,841.75,0.019811,0.014194,852.2899,777.4601,0,-185.423,2.041196,2.041196,20.23896,734.3538,0.25,41.27944,230.472,0,20.1,-20.09579,0,-0.411505,-0.0205,0,-0.9998,777.4601,0,1,0,0,0.9998,0,-0.0205,-185.423,0,0,0,1
841.7682,841.76,0.013434,0.014042,852.3029,777.2591,0,-185.4264,2.019343,2.019343,20.05218,734.3538,0.25,41.27944,230.4381,0,20.1,-20.09711,0,-0.341172,-0.017,0,-0.9999,777.2591,0,1,0,0,0.9999,0,-0.017,-185.4264,0,0,0,1
841.7804,841.78,0.012207,0.013675,852.3159,776.8571,0,-185.4311,1.977593,1.977593,19.93499,734.3538,0.25,41.27944,230.3687,0,20.1,-20.09899,0,-0.201316,-0.01,0,-0.9999,776.8571,0,1,0,0,0.9999,0,-0.01,-185.4311,0,0,0,1
841.7922,841.79,0.011822,0.013304,852.3268,776.6561,0,-185.4324,1.957698,1.957698,19.81781,734.3538,0.25,41.27944,230.3332,0,20.1,-20.09957,0,-0.131798,-0.0066,0,-1,776.6561,0,1,0,0,1,0,-0.0066,-185.4324,0,0,0,1
841.805,841.8,0.01276,0.013195,852.3395,776.4551,0,-185.4331,1.937162,1.937162,19.72259,734.3538,0.25,41.27944,230.2972,0,20.1,-20.0999,0,-0.062608,-0.0031,0,-1,776.4551,0,1,0,0,1,0,-0.0031,-185.4331,0,0,0,1
841.8171,841.81,0.012088,0.012974,852.3516,776.2542,0,-185.433,1.916407,1.916407,19.56878,734.3538,0.25,41.27944,230.2607,0,20.1,-20.1,0,0.006038,0.0003,0,-1,776.2542,0,1,0,0,1,0,0.0003,-185.433,0,0,0,1
841.8296,841.82,0.01253,0.012885,852.3642,776.0532,0,-185.4323,1.896356,1.896356,19.42596,734.3538,0.25,41.27944,230.2237,0,20.1,-20.09986,0,0.074187,0.0037,0,-1,776.0532,0,1,0,0,1,0,0.0037,-185.4323,0,0,0,1
841.8423,841.84,0.01269,0.012846,852.3776,775.6512,0,-185.4287,1.858237,1.858237,19.28314,734.3538,0.25,41.27944,230.1482,0,20.1,-20.09891,0,0.209478,0.0104,0,-0.9999,775.6512,0,1,0,0,0.9999,0,0.0104,-185.4287,0,0,0,1
841.8542,841.85,0.011862,0.012649,852.3888,775.4502,0,-185.426,1.840178,1.840178,19.10734,734.3538,0.25,41.27944,230.1097,0,20.1,-20.0981,0,0.276502,0.0138,0,-0.9999,775.4502,0,1,0,0,0.9999,0,0.0138,-185.426,0,0,0,1
841.8665,841.86,0.012279,0.012575,852.401,775.2492,0,-185.4225,1.822778,1.822778,18.96818,734.3538,0.25,41.27944,230.0707,0,20.1,-20.09707,0,0.343037,0.0171,0,-0.9999,775.2492,0,1,0,0,0.9999,0,0.0171,-185.4225,0,0,0,1
841.8778,841.87,0.011393,0.012339,852.4124,775.0482,0,-185.4185,1.806058,1.806058,18.74846,734.3538,0.25,41.27944,230.0313,0,20.1,-20.09585,0,0.408796,0.0203,0,-0.9998,775.0482,0,1,0,0,0.9998,0,0.0203,-185.4185,0,0,0,1
841.8889,841.88,0.011038,0.012079,852.4234,774.8473,0,-185.4137,1.789982,1.789982,18.57634,734.3538,0.25,41.27944,229.9914,0,20.1,-20.09442,0,0.473948,0.0236,0,-0.9997,774.8473,0,1,0,0,0.9997,0,0.0236,-185.4137,0,0,0,1
841.902,841.9,0.013088,0.012281,852.4371,774.4454,0,-185.4023,1.759747,1.759747,18.35295,734.3538,0.25,41.27944,229.9102,0,20.1,-20.09097,0,0.60267,0.03,0,-0.9996,774.4454,0,1,0,0,0.9996,0,0.03,-185.4023,0,0,0,1
841.9214,841.92,0.019502,0.013725,852.4564,774.0437,0,-185.3884,1.732025,1.732025,18.07461,734.3538,0.25,41.27944,229.8271,0,20.1,-20.08676,0,0.729415,0.0363,0,-0.9993,774.0437,0,1,0,0,0.9993,0,0.0363,-185.3884,0,0,0,1
841.933,841.93,0.011558,0.013292,852.4676,773.8428,0,-185.3804,1.719107,1.719107,17.66446,734.3538,0.25,41.27944,229.785,0,20.1,-20.08442,0,0.791339,0.0394,0,-0.9992,773.8428,0,1,0,0,0.9992,0,0.0394,-185.3804,0,0,0,1
841.9442,841.94,0.011124,0.012858,852.4789,773.642,0,-185.3719,1.706787,1.706787,17.3605,734.3538,0.25,41.27944,229.7424,0,20.1,-20.08193,0,0.852189,0.0424,0,-0.9991,773.642,0,1,0,0,0.9991,0,0.0424,-185.3719,0,0,0,1
841.9567,841.95,0.01259,0.012804,852.4915,773.4412,0,-185.3628,1.695081,1.695081,17.08583,734.3538,0.25,41.27944,229.6993,0,20.1,-20.0793,0,0.912072,0.0454,0,-0.999,773.4412,0,1,0,0,0.999,0,0.0454,-185.3628,0,0,0,1
841.9681,841.96,0.011384,0.01252,852.5029,773.2405,0,-185.3531,1.683958,1.683958,16.67567,734.3538,0.25,41.27944,229.6559,0,20.1,-20.07656,0,0.970511,0.0483,0,-0.9988,773.2405,0,1,0,0,0.9988,0,0.0483,-185.3531,0,0,0,1
841.9805,841.98,0.012355,0.012487,852.5157,772.8391,0,-185.332,1.66343,1.66343,16.34607,734.3538,0.25,41.27944,229.5679,0,20.1,-20.07069,0,1.085049,0.054,0,-0.9985,772.8391,0,1,0,0,0.9985,0,0.054,-185.332,0,0,0,1
841.9929,841.99,0.012364,0.012463,852.5273,772.6384,0,-185.3206,1.653996,1.653996,15.84802,734.3538,0.25,41.27944,229.5233,0,20.1,-20.06761,0,1.14056,0.0567,0,-0.9984,772.6384,0,1,0,0,0.9984,0,0.0567,-185.3206,0,0,0,1
842.0052,842,0.012338,0.012438,852.5397,772.4377,0,-185.3086,1.645113,1.645113,15.41588,734.3538,0.25,41.27944,229.4783,0,20.1,-20.06447,0,1.194548,0.0594,0,-0.9982,772.4377,0,1,0,0,0.9982,0,0.0594,-185.3086,0,0,0,1
842.0172,842.01,0.011943,0.012339,852.5516,772.2372,0,-185.2961,1.636753,1.636753,14.95079,734.3538,0.25,41.27944,229.4331,0,20.1,-20.06129,0,1.2469,0.062,0,-0.9981,772.2372,0,1,0,0,0.9981,0,0.062,-185.2961,0,0,0,1
842.0281,842.02,0.010931,0.012057,852.5635,772.0366,0,-185.2832,1.628886,1.628886,14.48935,734.3538,0.25,41.27944,229.3875,0,20.1,-20.05807,0,1.297628,0.0646,0,-0.9979,772.0366,0,1,0,0,0.9979,0,0.0646,-185.2832,0,0,0,1
842.0409,842.04,0.012869,0.01222,852.5758,771.6355,0,-185.2557,1.614665,1.614665,14.0975,734.3538,0.25,41.27944,229.2953,0,20.1,-20.05144,0,1.396319,0.0695,0,-0.9976,771.6355,0,1,0,0,0.9976,0,0.0695,-185.2557,0,0,0,1
842.0533,842.05,0.012424,0.012261,852.5879,771.435,0,-185.2413,1.608267,1.608267,13.54817,734.3538,0.25,41.27944,229.2487,0,20.1,-20.04809,0,1.443726,0.0718,0,-0.9974,771.435,0,1,0,0,0.9974,0,0.0718,-185.2413,0,0,0,1
842.066,842.06,0.012708,0.01235,852.6006,771.2346,0,-185.2264,1.60233,1.60233,13.07942,734.3538,0.25,41.27944,229.2019,0,20.1,-20.04474,0,1.489487,0.0741,0,-0.9973,771.2346,0,1,0,0,0.9973,0,0.0741,-185.2264,0,0,0,1
842.0768,842.07,0.010791,0.012038,852.6114,771.0341,0,-185.2111,1.596834,1.596834,12.61798,734.3538,0.25,41.27944,229.1548,0,20.1,-20.04141,0,1.533627,0.0763,0,-0.9971,771.0341,0,1,0,0,0.9971,0,0.0763,-185.2111,0,0,0,1
842.0883,842.08,0.011442,0.011919,852.623,770.8337,0,-185.1953,1.591775,1.591775,12.15656,734.3538,0.25,41.27944,229.1075,0,20.1,-20.03811,0,1.576146,0.0784,0,-0.9969,770.8337,0,1,0,0,0.9969,0,0.0784,-185.1953,0,0,0,1
842.0993,842.09,0.011003,0.011736,852.6338,770.6334,0,-185.1791,1.587111,1.587111,11.7061,734.3538,0.25,41.27944,229.0599,0,20.1,-20.03485,0,1.617082,0.0805,0,-0.9968,770.6334,0,1,0,0,0.9968,0,0.0805,-185.1791,0,0,0,1
842.1108,842.11,0.011548,0.011698,852.6457,770.2328,0,-185.1456,1.579009,1.579009,11.32891,734.3538,0.25,41.27944,228.9641,0,20.1,-20.0283,0,1.6963,0.0844,0,-0.9964,770.2328,0,1,0,0,0.9964,0,0.0844,-185.1456,0,0,0,1
842.1237,842.12,0.012844,0.011927,852.6583,770.0326,0,-185.1283,1.575541,1.575541,10.86748,734.3538,0.25,41.27944,228.9159,0,20.1,-20.02504,0,1.734284,0.0863,0,-0.9963,770.0326,0,1,0,0,0.9963,0,0.0863,-185.1283,0,0,0,1
842.1345,842.13,0.010859,0.011714,852.6693,769.8323,0,-185.1105,1.572428,1.572428,10.41703,734.3538,0.25,41.27944,228.8675,0,20.1,-20.02185,0,1.770691,0.0881,0,-0.9961,769.8323,0,1,0,0,0.9961,0,0.0881,-185.1105,0,0,0,1
842.1468,842.14,0.012221,0.011815,852.6815,769.6321,0,-185.0925,1.569665,1.569665,9.973912,734.3538,0.25,41.27944,228.819,0,20.1,-20.01874,0,1.805541,0.0898,0,-0.996,769.6321,0,1,0,0,0.996,0,0.0898,-185.0925,0,0,0,1
842.1672,842.16,0.020472,0.013547,852.7028,769.2318,0,-185.0554,1.565144,1.565144,9.545431,734.3538,0.25,41.27944,228.7213,0,20.1,-20.01262,0,1.872232,0.0931,0,-0.9957,769.2318,0,1,0,0,0.9957,0,0.0931,-185.0554,0,0,0,1
842.1801,842.18,0.012889,0.013415,852.7154,768.8317,0,-185.017,1.561888,1.561888,8.853278,734.3538,0.25,41.27944,228.6232,0,20.1,-20.00673,0,1.934068,0.0962,0,-0.9954,768.8317,0,1,0,0,0.9954,0,0.0962,-185.017,0,0,0,1
842.1915,842.19,0.011374,0.013007,852.7261,768.6317,0,-184.9974,1.560722,1.560722,8.391852,734.3538,0.25,41.27944,228.5739,0,20.1,-20.00388,0,1.963369,0.0977,0,-0.9952,768.6317,0,1,0,0,0.9952,0,0.0977,-184.9974,0,0,0,1
842.2041,842.2,0.012594,0.012924,852.7387,768.4317,0,-184.9775,1.55982,1.55982,8.051276,734.3538,0.25,41.27944,228.5245,0,20.1,-20.0011,0,1.991477,0.0991,0,-0.9951,768.4317,0,1,0,0,0.9951,0,0.0991,-184.9775,0,0,0,1
842.2158,842.21,0.011718,0.012683,852.7505,768.2317,0,-184.9573,1.559201,1.559201,7.685051,734.3538,0.25,41.27944,228.475,0,20.1,-19.99841,0,2.018304,0.1004,0,-0.9949,768.2317,0,1,0,0,0.9949,0,0.1004,-184.9573,0,0,0,1
842.2271,842.22,0.011276,0.012402,852.7618,768.0317,0,-184.9368,1.558821,1.558821,7.307854,734.3538,0.25,41.27944,228.4254,0,20.1,-19.99582,0,2.043808,0.1017,0,-0.9948,768.0317,0,1,0,0,0.9948,0,0.1017,-184.9368,0,0,0,1
842.2388,842.23,0.011695,0.01226,852.7733,767.8318,0,-184.9162,1.5587,1.5587,6.948953,734.3538,0.25,41.27944,228.3758,0,20.1,-19.99333,0,2.068058,0.1029,0,-0.9947,767.8318,0,1,0,0,0.9947,0,0.1029,-184.9162,0,0,0,1
842.251,842.25,0.0122,0.012248,852.786,767.432,0,-184.8741,1.55914,1.55914,6.612039,734.3538,0.25,41.27944,228.2764,0,20.1,-19.9885,0,2.114198,0.1052,0,-0.9945,767.432,0,1,0,0,0.9945,0,0.1052,-184.8741,0,0,0,1
842.2634,842.26,0.012406,0.01228,852.7979,767.2321,0,-184.8528,1.559708,1.559708,6.293435,734.3538,0.25,41.27944,228.2266,0,20.1,-19.98617,0,2.136152,0.1063,0,-0.9943,767.2321,0,1,0,0,0.9943,0,0.1063,-184.8528,0,0,0,1
842.2755,842.27,0.012048,0.012233,852.8101,767.0323,0,-184.8312,1.560479,1.560479,5.989466,734.3538,0.25,41.27944,228.1767,0,20.1,-19.98392,0,2.157043,0.1073,0,-0.9942,767.0323,0,1,0,0,0.9942,0,0.1073,-184.8312,0,0,0,1
842.2861,842.28,0.010723,0.011931,852.8207,766.8325,0,-184.8094,1.561457,1.561457,5.711145,734.3538,0.25,41.27944,228.1269,0,20.1,-19.98176,0,2.17696,0.1083,0,-0.9941,766.8325,0,1,0,0,0.9941,0,0.1083,-184.8094,0,0,0,1
842.2985,842.29,0.012308,0.012007,852.8331,766.6327,0,-184.7874,1.562623,1.562623,5.487757,734.3538,0.25,41.27944,228.077,0,20.1,-19.97967,0,2.196097,0.1093,0,-0.994,766.6327,0,1,0,0,0.994,0,0.1093,-184.7874,0,0,0,1
842.3099,842.3,0.011453,0.011896,852.8446,766.4329,0,-184.7653,1.563956,1.563956,5.194788,734.3538,0.25,41.27944,228.0271,0,20.1,-19.97767,0,2.214212,0.1102,0,-0.9939,766.4329,0,1,0,0,0.9939,0,0.1102,-184.7653,0,0,0,1
842.3224,842.32,0.012508,0.012018,852.8579,766.0333,0,-184.7205,1.567166,1.567166,4.993358,734.3538,0.25,41.27944,227.9273,0,20.1,-19.97378,0,2.249028,0.1119,0,-0.9937,766.0333,0,1,0,0,0.9937,0,0.1119,-184.7205,0,0,0,1
842.3352,842.33,0.012796,0.012174,852.8699,765.8337,0,-184.6978,1.569036,1.569036,4.729686,734.3538,0.25,41.27944,227.8774,0,20.1,-19.97192,0,2.265515,0.1127,0,-0.9936,765.8337,0,1,0,0,0.9936,0,0.1127,-184.6978,0,0,0,1
842.3541,842.35,0.018895,0.013518,852.8891,765.4343,0,-184.6521,1.573224,1.573224,4.52827,734.3538,0.25,41.27944,227.7777,0,20.1,-19.96831,0,2.297085,0.1143,0,-0.9934,765.4343,0,1,0,0,0.9934,0,0.1143,-184.6521,0,0,0,1
842.3665,842.36,0.012416,0.013298,852.9012,765.2346,0,-184.6289,1.575556,1.575556,4.235301,734.3538,0.25,41.27944,227.7278,0,20.1,-19.96661,0,2.311844,0.115,0,-0.9934,765.2346,0,1,0,0,0.9934,0,0.115,-184.6289,0,0,0,1
842.3787,842.37,0.012156,0.013069,852.9133,765.035,0,-184.6057,1.578025,1.578025,4.077816,734.3538,0.25,41.27944,227.678,0,20.1,-19.96496,0,2.326053,0.1157,0,-0.9933,765.035,0,1,0,0,0.9933,0,0.1157,-184.6057,0,0,0,1
842.3898,842.38,0.011117,0.012679,852.9243,764.8353,0,-184.5823,1.580637,1.580637,3.942318,734.3538,0.25,41.27944,227.6282,0,20.1,-19.96335,0,2.33979,0.1164,0,-0.9932,764.8353,0,1,0,0,0.9932,0,0.1164,-184.5823,0,0,0,1
842.4007,842.4,0.010907,0.012325,852.9367,764.4361,0,-184.5351,1.586248,1.586248,3.839779,734.3538,0.25,41.27944,227.5287,0,20.1,-19.9602,0,2.366546,0.1177,0,-0.993,764.4361,0,1,0,0,0.993,0,0.1177,-184.5351,0,0,0,1
842.4131,842.41,0.012349,0.012329,852.9476,764.2365,0,-184.5113,1.589239,1.589239,3.726254,734.3538,0.25,41.27944,227.479,0,20.1,-19.95866,0,2.379527,0.1184,0,-0.993,764.2365,0,1,0,0,0.993,0,0.1184,-184.5113,0,0,0,1
842.4241,842.42,0.01101,0.012065,852.9586,764.0369,0,-184.4874,1.592388,1.592388,3.649349,734.3538,0.25,41.27944,227.4294,0,20.1,-19.95714,0,2.392238,0.119,0,-0.9929,764.0369,0,1,0,0,0.9929,0,0.119,-184.4874,0,0,0,1
842.4349,842.43,0.010837,0.01182,852.9695,763.8373,0,-184.4633,1.595637,1.595637,3.583431,734.3538,0.25,41.27944,227.3798,0,20.1,-19.95564,0,2.404721,0.1196,0,-0.9928,763.8373,0,1,0,0,0.9928,0,0.1196,-184.4633,0,0,0,1
842.4462,842.44,0.011303,0.011716,852.981,763.6378,0,-184.4392,1.599029,1.599029,3.5285,734.3538,0.25,41.27944,227.3303,0,20.1,-19.95415,0,2.417009,0.1202,0,-0.9927,763.6378,0,1,0,0,0.9927,0,0.1202,-184.4392,0,0,0,1
842.4573,842.45,0.011142,0.011601,852.9919,763.4384,0,-184.4149,1.602528,1.602528,3.47723,734.3538,0.25,41.27944,227.2808,0,20.1,-19.95268,0,2.42912,0.1209,0,-0.9927,763.4384,0,1,0,0,0.9927,0,0.1209,-184.4149,0,0,0,1
842.4687,842.46,0.011352,0.011552,853.0034,763.2388,0,-184.3905,1.606178,1.606178,3.425961,734.3538,0.25,41.27944,227.2314,0,20.1,-19.95122,0,2.441052,0.1214,0,-0.9926,763.2388,0,1,0,0,0.9926,0,0.1214,-184.3905,0,0,0,1
842.4809,842.48,0.012195,0.01168,853.016,762.8397,0,-184.3413,1.613772,1.613772,3.363705,734.3538,0.25,41.27944,227.1326,0,20.1,-19.94834,0,2.464475,0.1226,0,-0.9925,762.8397,0,1,0,0,0.9925,0,0.1226,-184.3413,0,0,0,1
842.4918,842.49,0.010912,0.011526,853.0262,762.6403,0,-184.3165,1.617762,1.617762,3.308773,734.3538,0.25,41.27944,227.0833,0,20.1,-19.94691,0,2.475995,0.1232,0,-0.9924,762.6403,0,1,0,0,0.9924,0,0.1232,-184.3165,0,0,0,1
842.5039,842.5,0.012107,0.011643,853.0386,762.4409,0,-184.2917,1.621859,1.621859,3.253827,734.3538,0.25,41.27944,227.0341,0,20.1,-19.94551,0,2.487321,0.1237,0,-0.9923,762.4409,0,1,0,0,0.9923,0,0.1237,-184.2917,0,0,0,1
842.5152,842.51,0.011264,0.011567,853.0497,762.2414,0,-184.2667,1.626046,1.626046,3.173261,734.3538,0.25,41.27944,226.985,0,20.1,-19.94413,0,2.498368,0.1243,0,-0.9922,762.2414,0,1,0,0,0.9922,0,0.1243,-184.2667,0,0,0,1
842.5263,842.52,0.011111,0.011476,853.0644,762.042,0,-184.2416,1.630355,1.630355,3.08537,734.3538,0.25,41.27944,226.9359,0,20.1,-19.94278,0,2.509106,0.1248,0,-0.9922,762.042,0,1,0,0,0.9922,0,0.1248,-184.2416,0,0,0,1
842.5458,842.54,0.019544,0.013089,853.0809,761.6432,0,-184.1911,1.639298,1.639298,2.968183,734.3538,0.25,41.27944,226.8379,0,20.1,-19.94017,0,2.529769,0.1259,0,-0.992,761.6432,0,1,0,0,0.992,0,0.1259,-184.1911,0,0,0,1
842.5583,842.55,0.012544,0.01298,853.0931,761.4437,0,-184.1657,1.643902,1.643902,2.774091,734.3538,0.25,41.27944,226.789,0,20.1,-19.93894,0,2.539422,0.1263,0,-0.992,761.4437,0,1,0,0,0.992,0,0.1263,-184.1657,0,0,0,1
842.5695,842.56,0.011078,0.0126,853.1039,761.2444,0,-184.1402,1.648627,1.648627,2.601972,734.3538,0.25,41.27944,226.7402,0,20.1,-19.93779,0,2.548475,0.1268,0,-0.9919,761.2444,0,1,0,0,0.9919,0,0.1268,-184.1402,0,0,0,1
842.5883,842.58,0.018846,0.013849,853.1235,760.8457,0,-184.089,1.658289,1.658289,2.466474,734.3538,0.25,41.27944,226.6428,0,20.1,-19.93558,0,2.565643,0.1276,0,-0.9918,760.8457,0,1,0,0,0.9918,0,0.1276,-184.089,0,0,0,1
842.6002,842.6,0.011856,0.01345,853.135,760.447,0,-184.0375,1.668292,1.668292,2.188139,734.3538,0.25,41.27944,226.5458,0,20.1,-19.93362,0,2.580869,0.1284,0,-0.9917,760.447,0,1,0,0,0.9917,0,0.1284,-184.0375,0,0,0,1
842.6121,842.61,0.011927,0.013146,853.1469,760.2477,0,-184.0116,1.673387,1.673387,2.001371,734.3538,0.25,41.27944,226.4974,0,20.1,-19.93271,0,2.587831,0.1287,0,-0.9917,760.2477,0,1,0,0,0.9917,0,0.1287,-184.0116,0,0,0,1
842.6233,842.62,0.011222,0.012761,853.1577,760.0483,0,-183.9857,1.678574,1.678574,1.832914,734.3538,0.25,41.27944,226.4491,0,20.1,-19.93189,0,2.594207,0.1291,0,-0.9916,760.0483,0,1,0,0,0.9916,0,0.1291,-183.9857,0,0,0,1
842.634,842.63,0.010712,0.012351,853.1685,759.849,0,-183.9597,1.683806,1.683806,1.646147,734.3538,0.25,41.27944,226.401,0,20.1,-19.93114,0,2.599934,0.1293,0,-0.9916,759.849,0,1,0,0,0.9916,0,0.1293,-183.9597,0,0,0,1
842.6447,842.64,0.010653,0.012011,853.1794,759.6498,0,-183.9336,1.689084,1.689084,1.485014,734.3538,0.25,41.27944,226.353,0,20.1,-19.93047,0,2.6051,0.1296,0,-0.9916,759.6498,0,1,0,0,0.9916,0,0.1296,-183.9336,0,0,0,1
842.6553,842.65,0.010603,0.01173,853.1898,759.4504,0,-183.9075,1.694407,1.694407,1.298232,734.3538,0.25,41.27944,226.3051,0,20.1,-19.92988,0,2.609614,0.1298,0,-0.9915,759.4504,0,1,0,0,0.9915,0,0.1298,-183.9075,0,0,0,1
842.6665,842.66,0.011203,0.011624,853.2011,759.2512,0,-183.8814,1.699776,1.699776,1.144423,734.3538,0.25,41.27944,226.2573,0,20.1,-19.92936,0,2.613594,0.13,0,-0.9915,759.2512,0,1,0,0,0.9915,0,0.13,-183.8814,0,0,0,1
842.6769,842.67,0.010482,0.011396,853.2115,759.0519,0,-183.8552,1.70516,1.70516,0.975967,734.3538,0.25,41.27944,226.2097,0,20.1,-19.92891,0,2.616988,0.1302,0,-0.9915,759.0519,0,1,0,0,0.9915,0,0.1302,-183.8552,0,0,0,1
842.689,842.68,0.011982,0.011513,853.2234,758.8526,0,-183.829,1.710605,1.710605,0.840468,734.3538,0.25,41.27944,226.1622,0,20.1,-19.92853,0,2.619911,0.1303,0,-0.9915,758.8526,0,1,0,0,0.9915,0,0.1303,-183.829,0,0,0,1
842.7001,842.7,0.011201,0.011451,853.235,758.454,0,-183.7765,1.721546,1.721546,0.697646,734.3538,0.25,41.27944,226.0676,0,20.1,-19.92789,0,2.624765,0.1306,0,-0.9914,758.454,0,1,0,0,0.9914,0,0.1306,-183.7765,0,0,0,1
842.7118,842.71,0.011679,0.011496,853.2464,758.2548,0,-183.7503,1.727036,1.727036,0.558486,734.3538,0.25,41.27944,226.0205,0,20.1,-19.92763,0,2.626708,0.1307,0,-0.9914,758.2548,0,1,0,0,0.9914,0,0.1307,-183.7503,0,0,0,1
842.7226,842.72,0.010791,0.011355,853.2571,758.0555,0,-183.724,1.732556,1.732556,0.444946,734.3538,0.25,41.27944,225.9736,0,20.1,-19.92743,0,2.628253,0.1308,0,-0.9914,758.0555,0,1,0,0,0.9914,0,0.1308,-183.724,0,0,0,1
842.7343,842.73,0.011624,0.011409,853.269,757.8562,0,-183.6977,1.738083,1.738083,0.335083,734.3538,0.25,41.27944,225.9269,0,20.1,-19.92727,0,2.629419,0.1308,0,-0.9914,757.8562,0,1,0,0,0.9914,0,0.1308,-183.6977,0,0,0,1
842.7448,842.74,0.010539,0.011235,853.2795,757.6569,0,-183.6714,1.743588,1.743588,0.232544,734.3538,0.25,41.27944,225.8803,0,20.1,-19.92717,0,2.630228,0.1309,0,-0.9914,757.6569,0,1,0,0,0.9914,0,0.1309,-183.6714,0,0,0,1
842.7555,842.75,0.010694,0.011127,853.29,757.4576,0,-183.6451,1.749146,1.749146,0.162964,734.3538,0.25,41.27944,225.8339,0,20.1,-19.92709,0,2.630793,0.1309,0,-0.9914,757.4576,0,1,0,0,0.9914,0,0.1309,-183.6451,0,0,0,1
842.7667,842.76,0.011206,0.011143,853.3011,757.2584,0,-183.6188,1.754681,1.754681,0.111694,734.3538,0.25,41.27944,225.7876,0,20.1,-19.92704,0,2.631182,0.1309,0,-0.9914,757.2584,0,1,0,0,0.9914,0,0.1309,-183.6188,0,0,0,1
842.777,842.77,0.010386,0.010991,853.3116,757.0591,0,-183.5925,1.760232,1.760232,0.078735,734.3538,0.25,41.27944,225.7415,0,20.1,-19.927,0,2.631456,0.1309,0,-0.9914,757.0591,0,1,0,0,0.9914,0,0.1309,-183.5925,0,0,0,1
842.788,842.78,0.010939,0.010981,853.3224,756.8598,0,-183.5661,1.765789,1.765789,0.064087,734.3538,0.25,41.27944,225.6956,0,20.1,-19.92697,0,2.631681,0.1309,0,-0.9914,756.8598,0,1,0,0,0.9914,0,0.1309,-183.5661,0,0,0,1
842.7989,842.79,0.010874,0.010959,853.3333,756.6605,0,-183.5398,1.77134,1.77134,0.064087,734.3538,0.25,41.27944,225.6498,0,20.1,-19.92694,0,2.631905,0.1309,0,-0.9914,756.6605,0,1,0,0,0.9914,0,0.1309,-183.5398,0,0,0,1
842.8101,842.81,0.011234,0.011014,853.3448,756.262,0,-183.4872,1.782448,1.782448,0.064087,734.3538,0.25,41.27944,225.5588,0,20.1,-19.92689,0,2.632351,0.131,0,-0.9914,756.262,0,1,0,0,0.9914,0,0.131,-183.4872,0,0,0,1
842.8211,842.82,0.010995,0.01101,853.3555,756.0627,0,-183.4609,1.788005,1.788005,0.064087,734.3538,0.25,41.27944,225.5136,0,20.1,-19.92686,0,2.632575,0.131,0,-0.9914,756.0627,0,1,0,0,0.9914,0,0.131,-183.4609,0,0,0,1
842.8326,842.83,0.01147,0.011102,853.3671,755.8635,0,-183.4345,1.793571,1.793571,0.064087,734.3538,0.25,41.27944,225.4685,0,20.1,-19.92683,0,2.632799,0.131,0,-0.9914,755.8635,0,1,0,0,0.9914,0,0.131,-183.4345,0,0,0,1
842.8429,842.84,0.010294,0.010941,853.3774,755.6641,0,-183.4082,1.799122,1.799122,0.078735,734.3538,0.25,41.27944,225.4236,0,20.1,-19.92679,0,2.633073,0.131,0,-0.9914,755.6641,0,1,0,0,0.9914,0,0.131,-183.4082,0,0,0,1
842.8542,842.85,0.011353,0.011023,853.3887,755.4648,0,-183.3819,1.804695,1.804695,0.082397,734.3538,0.25,41.27944,225.3788,0,20.1,-19.92675,0,2.633361,0.131,0,-0.9914,755.4648,0,1,0,0,0.9914,0,0.131,-183.3819,0,0,0,1
842.8651,842.86,0.010804,0.010979,853.3995,755.2656,0,-183.3555,1.810261,1.810261,0.093384,734.3538,0.25,41.27944,225.3342,0,20.1,-19.92671,0,2.633687,0.131,0,-0.9914,755.2656,0,1,0,0,0.9914,0,0.131,-183.3555,0,0,0,1
842.8758,842.87,0.010743,0.010932,853.4102,755.0663,0,-183.3292,1.815833,1.815833,0.093384,734.3538,0.25,41.27944,225.2898,0,20.1,-19.92667,0,2.634013,0.131,0,-0.9914,755.0663,0,1,0,0,0.9914,0,0.131,-183.3292,0,0,0,1
842.8874,842.88,0.01165,0.011076,853.4218,754.8669,0,-183.3029,1.821384,1.821384,0.093384,734.3538,0.25,41.27944,225.2456,0,20.1,-19.92662,0,2.634337,0.1311,0,-0.9914,754.8669,0,1,0,0,0.9914,0,0.1311,-183.3029,0,0,0,1
842.8988,842.89,0.011391,0.011139,853.4333,754.6677,0,-183.2765,1.826972,1.826972,0.093384,734.3538,0.25,41.27944,225.2015,0,20.1,-19.92658,0,2.63466,0.1311,0,-0.9914,754.6677,0,1,0,0,0.9914,0,0.1311,-183.2765,0,0,0,1
842.9094,842.9,0.010576,0.011026,853.4438,754.4684,0,-183.2502,1.832553,1.832553,0.093384,734.3538,0.25,41.27944,225.1576,0,20.1,-19.92654,0,2.634985,0.1311,0,-0.9914,754.4684,0,1,0,0,0.9914,0,0.1311,-183.2502,0,0,0,1
842.9198,842.91,0.010424,0.010906,853.4542,754.2692,0,-183.2238,1.838156,1.838156,0.093384,734.3538,0.25,41.27944,225.1138,0,20.1,-19.92649,0,2.63531,0.1311,0,-0.9914,754.2692,0,1,0,0,0.9914,0,0.1311,-183.2238,0,0,0,1
842.9323,842.93,0.01244,0.011213,853.467,753.8706,0,-183.1711,1.849333,1.849333,0.093384,734.3538,0.25,41.27944,225.0268,0,20.1,-19.92641,0,2.635961,0.1311,0,-0.9914,753.8706,0,1,0,0,0.9914,0,0.1311,-183.1711,0,0,0,1
842.942,842.94,0.009788,0.010928,853.4764,753.6713,0,-183.1447,1.854936,1.854936,0.093384,734.3538,0.25,41.27944,224.9836,0,20.1,-19.92636,0,2.636286,0.1312,0,-0.9914,753.6713,0,1,0,0,0.9914,0,0.1312,-183.1447,0,0,0,1
842.9543,842.95,0.012239,0.01119,853.4887,753.472,0,-183.1183,1.860532,1.860532,0.093384,734.3538,0.25,41.27944,224.9405,0,20.1,-19.92632,0,2.636611,0.1312,0,-0.9914,753.472,0,1,0,0,0.9914,0,0.1312,-183.1183,0,0,0,1
842.9655,842.96,0.011228,0.011198,853.4999,753.2728,0,-183.092,1.866135,1.866135,0.093384,734.3538,0.25,41.27944,224.8976,0,20.1,-19.92628,0,2.636934,0.1312,0,-0.9914,753.2728,0,1,0,0,0.9914,0,0.1312,-183.092,0,0,0,1
842.9753,842.97,0.009765,0.010911,853.5096,753.0735,0,-183.0656,1.871731,1.871731,0.093384,734.3538,0.25,41.27944,224.8549,0,20.1,-19.92624,0,2.637259,0.1312,0,-0.9914,753.0735,0,1,0,0,0.9914,0,0.1312,-183.0656,0,0,0,1
842.9864,842.98,0.011112,0.010951,853.5208,752.8742,0,-183.0392,1.877349,1.877349,0.093384,734.3538,0.25,41.27944,224.8123,0,20.1,-19.92619,0,2.637584,0.1312,0,-0.9914,752.8742,0,1,0,0,0.9914,0,0.1312,-183.0392,0,0,0,1
842.9992,842.99,0.012795,0.01132,853.5336,752.6749,0,-183.0128,1.882961,1.882961,0.093384,734.3538,0.25,41.27944,224.7699,0,20.1,-19.92615,0,2.63791,0.1312,0,-0.9914,752.6749,0,1,0,0,0.9914,0,0.1312,-183.0128,0,0,0,1
843.0094,843,0.010254,0.011107,853.5439,752.4756,0,-182.9865,1.888579,1.888579,0.093384,734.3538,0.25,41.27944,224.7277,0,20.1,-19.92611,0,2.638235,0.1313,0,-0.9913,752.4756,0,1,0,0,0.9913,0,0.1313,-182.9865,0,0,0,1
843.02,843.02,0.01057,0.010999,853.5547,752.077,0,-182.9337,1.899793,1.899793,0.093384,734.3538,0.25,41.27944,224.6437,0,20.1,-19.92602,0,2.638885,0.1313,0,-0.9913,752.077,0,1,0,0,0.9913,0,0.1313,-182.9337,0,0,0,1
843.0311,843.03,0.011118,0.011023,853.5656,751.8778,0,-182.9073,1.905426,1.905426,0.093384,734.3538,0.25,41.27944,224.602,0,20.1,-19.92598,0,2.639207,0.1313,0,-0.9913,751.8778,0,1,0,0,0.9913,0,0.1313,-182.9073,0,0,0,1
843.0424,843.04,0.01131,0.01108,853.5768,751.6785,0,-182.8809,1.911053,1.911053,0.093384,734.3538,0.25,41.27944,224.5604,0,20.1,-19.92594,0,2.639533,0.1313,0,-0.9913,751.6785,0,1,0,0,0.9913,0,0.1313,-182.8809,0,0,0,1
843.0532,843.05,0.010745,0.011013,853.5876,751.4792,0,-182.8545,1.916686,1.916686,0.093384,734.3538,0.25,41.27944,224.519,0,20.1,-19.92589,0,2.639858,0.1313,0,-0.9913,751.4792,0,1,0,0,0.9913,0,0.1313,-182.8545,0,0,0,1
843.0645,843.06,0.011304,0.011072,853.5988,751.28,0,-182.8281,1.922313,1.922313,0.093384,734.3538,0.25,41.27944,224.4778,0,20.1,-19.92585,0,2.640184,0.1314,0,-0.9913,751.28,0,1,0,0,0.9913,0,0.1314,-182.8281,0,0,0,1
843.0757,843.07,0.011229,0.011103,853.6101,751.0807,0,-182.8017,1.927946,1.927946,0.093384,734.3538,0.25,41.27944,224.4368,0,20.1,-19.92581,0,2.640508,0.1314,0,-0.9913,751.0807,0,1,0,0,0.9913,0,0.1314,-182.8017,0,0,0,1
843.0868,843.08,0.011116,0.011106,853.6212,750.8814,0,-182.7753,1.933588,1.933588,0.093384,734.3538,0.25,41.27944,224.3959,0,20.1,-19.92576,0,2.640834,0.1314,0,-0.9913,750.8814,0,1,0,0,0.9913,0,0.1314,-182.7753,0,0,0,1
843.0983,843.09,0.011423,0.011169,853.6327,750.6821,0,-182.7489,1.939236,1.939236,0.093384,734.3538,0.25,41.27944,224.3552,0,20.1,-19.92572,0,2.64116,0.1314,0,-0.9913,750.6821,0,1,0,0,0.9913,0,0.1314,-182.7489,0,0,0,1
843.1091,843.1,0.010826,0.0111,853.6434,750.4828,0,-182.7225,1.944884,1.944884,0.093384,734.3538,0.25,41.27944,224.3147,0,20.1,-19.92567,0,2.641485,0.1314,0,-0.9913,750.4828,0,1,0,0,0.9913,0,0.1314,-182.7225,0,0,0,1
843.1195,843.11,0.010433,0.010967,853.6539,750.2836,0,-182.6961,1.950511,1.950511,0.093384,734.3538,0.25,41.27944,224.2743,0,20.1,-19.92564,0,2.641807,0.1314,0,-0.9913,750.2836,0,1,0,0,0.9913,0,0.1314,-182.6961,0,0,0,1
843.1306,843.13,0.01114,0.011001,853.6655,749.885,0,-182.6432,1.961831,1.961831,0.093384,734.3538,0.25,41.27944,224.194,0,20.1,-19.92555,0,2.642458,0.1315,0,-0.9913,749.885,0,1,0,0,0.9913,0,0.1315,-182.6432,0,0,0,1
843.1414,843.14,0.010775,0.010956,853.6758,749.6857,0,-182.6168,1.967495,1.967495,0.093384,734.3538,0.25,41.27944,224.1542,0,20.1,-19.9255,0,2.642782,0.1315,0,-0.9913,749.6857,0,1,0,0,0.9913,0,0.1315,-182.6168,0,0,0,1
843.153,843.15,0.011591,0.011083,853.6874,749.4865,0,-182.5903,1.973158,1.973158,0.093384,734.3538,0.25,41.27944,224.1145,0,20.1,-19.92546,0,2.643108,0.1315,0,-0.9913,749.4865,0,1,0,0,0.9913,0,0.1315,-182.5903,0,0,0,1
843.1653,843.16,0.012321,0.011331,853.6998,749.2872,0,-182.5639,1.978815,1.978815,0.093384,734.3538,0.25,41.27944,224.075,0,20.1,-19.92542,0,2.643433,0.1315,0,-0.9913,749.2872,0,1,0,0,0.9913,0,0.1315,-182.5639,0,0,0,1
843.1756,843.17,0.010293,0.011123,853.7101,749.0879,0,-182.5375,1.984494,1.984494,0.093384,734.3538,0.25,41.27944,224.0356,0,20.1,-19.92537,0,2.643759,0.1315,0,-0.9913,749.0879,0,1,0,0,0.9913,0,0.1315,-182.5375,0,0,0,1
843.1874,843.18,0.011742,0.011247,853.7218,748.8886,0,-182.511,1.990151,1.990151,0.093384,734.3538,0.25,41.27944,223.9964,0,20.1,-19.92533,0,2.644083,0.1315,0,-0.9913,748.8886,0,1,0,0,0.9913,0,0.1315,-182.511,0,0,0,1
843.1979,843.19,0.010579,0.011113,853.7323,748.6893,0,-182.4846,1.995845,1.995845,0.093384,734.3538,0.25,41.27944,223.9574,0,20.1,-19.92529,0,2.644409,0.1316,0,-0.9913,748.6893,0,1,0,0,0.9913,0,0.1316,-182.4846,0,0,0,1
843.2087,843.2,0.01072,0.011035,853.7432,748.4901,0,-182.4581,2.001523,2.001523,0.093384,734.3538,0.25,41.27944,223.9186,0,20.1,-19.92525,0,2.644732,0.1316,0,-0.9913,748.4901,0,1,0,0,0.9913,0,0.1316,-182.4581,0,0,0,1
